seed,source_total,scenario,error_mode,saved_seconds_per_source,v200_success,v200_seconds_per_source,v200_total_virtual_time_s,v200_runtime_s,v200_movement_time_s,v200_measurement_time_s,v200_switching_time_s,v200_clearing_time_s,v200_tail_after_last_clear_s,v201_success,v201_seconds_per_source,v201_total_virtual_time_s,v201_runtime_s,v201_movement_time_s,v201_measurement_time_s,v201_switching_time_s,v201_clearing_time_s,v201_tail_after_last_clear_s
2026098200,13,boundary,positive,0.6223234345694664,True,349.54459784654165,4544.079772005041,3.735000000000582,3629.079772005041,690.0,136.0,89.0,0.0,True,348.9222744119722,4535.989567355638,17.218999999997322,3607.9895673556357,700.0,136.0,92.0,0.0
2026098201,15,boundary,positive,2.709862031278874,True,306.2697267848746,4594.045901773119,3.9539999999979045,3654.045901773119,705.0,136.0,99.0,0.0,True,303.5598647535957,4553.397971303936,15.562000000005355,3627.397971303936,690.0,134.0,102.0,0.0
2026098202,15,boundary,positive,2.709862031278874,True,306.13639345154127,4592.045901773119,3.7030000000013388,3654.045901773119,705.0,134.0,99.0,0.0,True,303.4265314202624,4551.397971303936,7.969000000004598,3627.397971303936,690.0,132.0,102.0,0.0
2026098203,14,boundary,positive,1.4905090163915702,True,326.3086370230231,4568.320918322323,3.389999999999418,3641.3209183223216,690.0,134.0,103.0,0.0,True,324.8181280066315,4547.4537920928415,9.014999999999418,3620.45379209284,690.0,134.0,103.0,0.0
2026098204,11,boundary,positive,2.216660159767173,True,395.08219172262886,4345.904108948917,3.5469999999986612,3426.9041089489174,705.0,135.0,79.0,0.0,True,392.8655315628617,4321.520847191478,24.875,3406.52084719148,700.0,133.0,82.0,0.0
2026098205,16,boundary,positive,-0.4223442092437608,True,295.3974635843957,4726.359417350332,3.9060000000026776,3806.359417350332,685.0,134.0,101.0,0.0,True,295.8198077936395,4733.116924698232,25.860000000000582,3796.1169246982317,695.0,132.0,110.0,0.0
2026098206,15,boundary,positive,2.709862031278874,True,306.2697267848746,4594.045901773119,6.968000000000757,3654.045901773119,705.0,136.0,99.0,0.0,True,303.5598647535957,4553.397971303936,6.640999999995984,3627.397971303936,690.0,134.0,102.0,0.0
2026098207,13,boundary,positive,0.6223234345694664,True,349.46767476961855,4543.079772005041,7.0,3629.079772005041,690.0,135.0,89.0,0.0,True,348.8453513350491,4534.989567355638,6.625,3607.9895673556357,700.0,135.0,92.0,0.0
2026098208,15,boundary,positive,2.709862031278874,True,306.2697267848746,4594.045901773119,4.421999999998661,3654.045901773119,705.0,136.0,99.0,0.0,True,303.5598647535957,4553.397971303936,6.780999999995402,3627.397971303936,690.0,134.0,102.0,0.0
2026098209,11,boundary,positive,2.216660159767173,True,394.99128263171974,4344.904108948917,3.563000000001921,3426.9041089489174,705.0,134.0,79.0,0.0,True,392.77462247195257,4320.520847191478,6.077999999994063,3406.52084719148,700.0,132.0,82.0,0.0
2026098210,13,boundary,positive,0.6223234345694664,True,349.54459784654165,4544.079772005041,3.5319999999992433,3629.079772005041,690.0,136.0,89.0,0.0,True,348.9222744119722,4535.989567355638,6.811999999998079,3607.9895673556357,700.0,136.0,92.0,0.0
2026098211,13,boundary,positive,0.6223234345694664,True,349.46767476961855,4543.079772005041,3.5460000000020955,3629.079772005041,690.0,135.0,89.0,0.0,True,348.8453513350491,4534.989567355638,6.609000000004016,3607.9895673556357,700.0,135.0,92.0,0.0
2026098212,11,boundary,positive,2.216660159767173,True,395.08219172262886,4345.904108948917,5.359000000004016,3426.9041089489174,705.0,135.0,79.0,0.0,True,392.8655315628617,4321.520847191478,6.60899999999674,3406.52084719148,700.0,133.0,82.0,0.0
2026098213,16,boundary,positive,-0.4223442092437608,True,294.6474635843957,4714.359417350332,6.9689999999973224,3806.359417350332,675.0,132.0,101.0,0.0,True,295.0698077936395,4721.116924698232,10.125,3796.1169246982317,685.0,130.0,110.0,0.0
2026098214,14,boundary,positive,1.4905090163915702,True,326.3086370230231,4568.320918322323,4.14100000000326,3641.3209183223216,690.0,134.0,103.0,0.0,True,324.8181280066315,4547.4537920928415,11.390999999995984,3620.45379209284,690.0,134.0,103.0,0.0
2026098215,15,boundary,positive,2.709862031278874,True,306.2697267848746,4594.045901773119,3.7969999999986612,3654.045901773119,705.0,136.0,99.0,0.0,True,303.5598647535957,4553.397971303936,8.735000000000582,3627.397971303936,690.0,134.0,102.0,0.0
2026098216,11,boundary,positive,2.216660159767173,True,394.99128263171974,4344.904108948917,5.265999999995984,3426.9041089489174,705.0,134.0,79.0,0.0,True,392.77462247195257,4320.520847191478,6.171999999998661,3406.52084719148,700.0,132.0,82.0,0.0
2026098217,10,boundary,positive,4.514412705695861,True,420.12650326091807,4201.265032609181,3.5319999999992433,3313.265032609181,685.0,132.0,71.0,0.0,True,415.6120905552222,4156.120905552222,6.514999999999418,3253.120905552222,700.0,135.0,68.0,0.0
2026098218,15,boundary,positive,2.709862031278874,True,306.20306011820793,4593.045901773119,4.0,3654.045901773119,705.0,135.0,99.0,0.0,True,303.49319808692906,4552.397971303936,6.421999999998661,3627.397971303936,690.0,133.0,102.0,0.0
2026098219,12,boundary,positive,-0.23732614293237475,True,330.0949578748375,3961.13949449805,4.7189999999973224,3087.13949449805,665.0,125.0,84.0,0.0,True,330.3322840177699,3963.9874082132387,7.061999999998079,3085.9874082132383,665.0,126.0,87.0,0.0
2026098300,16,min_radius,negative,19.448996927900197,True,225.96209508820542,3615.3935214112867,3.438000000001921,2812.3935214112867,600.0,114.0,89.0,0.0,True,206.51309816030522,3304.2095705648835,8.625,2561.209570564882,555.0,105.0,83.0,0.0
2026098301,10,min_radius,negative,8.555822669132624,True,281.3769130949076,2813.769130949076,4.984000000004016,2130.769130949076,530.0,100.0,53.0,179.54844054137357,True,272.82109042577497,2728.21090425775,10.546999999998661,2038.2109042577497,535.0,102.0,53.0,206.3069748853859
2026098302,16,min_radius,negative,16.06894141747287,True,194.9599440936826,3119.3591054989215,4.3439999999973224,2434.3591054989215,500.0,96.0,89.0,0.0,True,178.89100267620972,2862.2560428193556,21.296000000002095,2269.256042819356,430.0,83.0,80.0,0.0
2026098303,12,min_radius,negative,7.965183355307829,True,276.10583455047185,3313.2700146056623,4.344000000004598,2572.2700146056623,565.0,110.0,66.0,311.5920633275505,True,268.140651195164,3217.6878143419685,22.281000000002678,2494.6878143419694,550.0,101.0,72.0,0.0
2026098304,14,min_radius,negative,-2.1197938448018476,True,211.65161935912445,2963.1226710277424,4.046999999998661,2263.1226710277424,520.0,101.0,79.0,0.0,True,213.7714132039263,2992.799784854968,6.203000000001339,2278.799784854969,535.0,103.0,76.0,0.0
2026098305,12,min_radius,negative,15.958960068685428,True,287.56418753129486,3450.770250375538,3.3439999999973224,2651.7702503755368,615.0,118.0,66.0,0.0,True,271.60522746260943,3259.262729551313,6.453000000001339,2439.262729551313,630.0,118.0,72.0,0.0
2026098306,12,min_radius,negative,1.324663216352917,True,257.1652528437273,3085.983034124727,3.5469999999986612,2322.9830341247275,585.0,112.0,66.0,0.0,True,255.84058962737436,3070.0870755284923,6.296999999998661,2275.087075528492,605.0,115.0,75.0,0.0
2026098307,13,min_radius,negative,0.02988046572900771,True,217.89960865988726,2832.6949125785345,2.7180000000007567,2148.6949125785345,515.0,98.0,71.0,0.0,True,217.86972819415826,2832.306466524057,4.171999999998661,2124.3064665240577,535.0,102.0,71.0,0.0
2026098308,16,min_radius,negative,-9.322221045719829,True,202.38430714872817,3238.1489143796507,3.7809999999954016,2562.148914379651,495.0,95.0,86.0,0.0,True,211.706528194448,3387.304451111168,6.610000000000582,2666.304451111169,535.0,103.0,83.0,0.0
2026098309,10,min_radius,negative,-3.703404275933565,True,297.47860287790843,2974.786028779084,3.0319999999992433,2177.786028779084,620.0,118.0,59.0,0.0,True,301.182007153842,3011.82007153842,5.421999999998661,2235.82007153842,605.0,112.0,59.0,0.0
2026098310,10,min_radius,negative,-15.20195342068223,True,307.879812234892,3078.7981223489196,3.514999999999418,2301.7981223489196,610.0,117.0,50.0,0.0,True,323.0817656555742,3230.817656555742,7.5310000000026776,2415.8176565557415,635.0,121.0,59.0,0.0
2026098311,12,min_radius,negative,-0.15043810033597538,True,258.6329776867887,3103.5957322414647,3.375,2353.595732241465,575.0,109.0,66.0,0.0,True,258.7834157871247,3105.400989445496,5.859000000004016,2339.400989445496,585.0,112.0,69.0,0.0
2026098312,12,min_radius,negative,-3.237510963160844,True,253.65239608442346,3043.8287530130815,10.156000000002678,2330.8287530130815,540.0,104.0,69.0,0.0,True,256.8899070475843,3082.6788845710116,6.436999999998079,2350.6788845710107,560.0,106.0,66.0,0.0
2026098313,15,min_radius,negative,-7.0014689202944,True,214.34984695466298,3215.2477043199447,4.9689999999973224,2525.2477043199447,515.0,100.0,75.0,293.56729527272864,True,221.35131587495738,3320.2697381243606,7.875,2566.2697381243606,565.0,108.0,81.0,0.0
2026098314,10,min_radius,negative,-0.2203789510044203,True,276.8279061959407,2768.2790619594075,3.2340000000040163,2007.2790619594082,590.0,115.0,56.0,484.86915929724273,True,277.04828514694515,2770.4828514694514,5.688000000001921,1997.4828514694514,600.0,114.0,59.0,0.0
2026098315,10,min_radius,negative,0.7208412288114232,True,271.9561654645482,2719.5616546454817,3.2969999999986612,1985.5616546454821,570.0,111.0,53.0,0.0,True,271.23532423573675,2712.3532423573674,4.875,1962.3532423573674,585.0,112.0,53.0,179.15318647787308
2026098316,14,min_radius,negative,-3.1499755209261195,True,202.69295643236111,2837.7013900530555,3.8280000000013388,2214.7013900530555,465.0,85.0,73.0,156.89845661336994,True,205.84293195328723,2881.8010473460213,6.234000000004016,2171.801047346021,535.0,102.0,73.0,0.0
2026098317,14,min_radius,negative,1.1276430805321809,True,215.17673014334633,3012.474222006849,3.875,2310.4742220068483,520.0,100.0,82.0,0.0,True,214.04908706281415,2996.687218879398,6.312999999994645,2268.687218879398,545.0,104.0,79.0,0.0
2026098318,12,min_radius,negative,0.9778778303771105,True,260.28163153864153,3123.3795784636986,3.9059999999954016,2335.3795784636986,605.0,117.0,66.0,0.0,True,259.3037537082644,3111.645044499173,6.125,2293.6450444991733,630.0,119.0,69.0,0.0
2026098319,11,min_radius,negative,22.69642440321445,True,280.1938795421988,3082.132674964186,3.3440000000045984,2331.132674964187,575.0,109.0,67.0,0.0,True,257.4974551389843,2832.4720065288275,6.51600000000326,2070.4720065288266,585.0,110.0,67.0,0.0
2026098400,12,clustered,legacy,-2.0676549463890126,True,186.44230026291686,2237.307603155002,2.3289999999979045,1557.3076031550022,520.0,100.0,60.0,187.7167803759894,True,188.50995520930587,2262.1194625116705,7.780999999995402,1557.1194625116707,540.0,105.0,60.0,188.58254632390663
2026098401,12,clustered,legacy,-1.1085824854327768,True,184.43480883248822,2213.2177059898586,2.437999999994645,1562.2177059898581,495.0,96.0,60.0,171.13209714600748,True,185.543391317921,2226.520695815052,7.14100000000326,1536.520695815052,525.0,102.0,63.0,171.1320971460077
2026098402,13,clustered,legacy,0.9318066637553386,True,182.48690975058344,2372.3298267575847,2.936999999998079,1614.329826757585,580.0,113.0,65.0,197.6451511811547,True,181.5551030868281,2360.2163401287653,12.60899999999674,1602.2163401287658,580.0,113.0,65.0,197.81075072848898
2026098403,10,clustered,legacy,-8.795241223487693,True,233.2703213431711,2332.703213431711,2.561999999998079,1625.7032134317112,550.0,107.0,50.0,201.344116224333,True,242.0655625666588,2420.655625666588,13.077999999994063,1614.6556256665888,630.0,123.0,53.0,97.84258213108615
2026098404,15,clustered,legacy,-0.5665572435723902,True,152.59404752973026,2288.910712945954,3.4059999999954016,1596.910712945954,515.0,99.0,78.0,176.96825445462537,True,153.16060477330265,2297.40907159954,6.125,1529.4090715995399,580.0,113.0,75.0,56.725902272658914
2026098405,10,clustered,legacy,-4.664430479634461,True,224.9888044828013,2249.888044828013,3.0780000000013388,1507.888044828013,580.0,112.0,50.0,153.37967550683197,True,229.65323496243576,2296.5323496243577,3.952999999994063,1539.5323496243575,590.0,114.0,53.0,173.85884840055405
2026098406,10,clustered,legacy,-0.6490105843288347,True,233.47751847060167,2334.7751847060167,3.0,1514.7751847060165,635.0,120.0,65.0,84.66669470863962,True,234.1265290549305,2341.265290549305,5.312000000005355,1536.2652905493048,630.0,119.0,56.0,84.51522586342753
2026098407,13,clustered,legacy,-1.5093909913166783,True,177.9935086205442,2313.9156120670746,2.7810000000026776,1565.915612067074,570.0,110.0,68.0,156.81418815225925,True,179.50289961186087,2333.5376949541915,3.7810000000026776,1566.5376949541915,585.0,114.0,68.0,157.08633679063087
2026098408,13,clustered,legacy,0.7743931991660986,True,179.94134122599777,2339.237435937971,3.0930000000007567,1620.2374359379708,545.0,106.0,68.0,157.05336556638804,True,179.16694802683168,2329.170324348812,3.7660000000032596,1619.1703243488112,540.0,105.0,65.0,157.05336556638804
2026098409,10,clustered,legacy,-40.050087764684804,True,227.68079302490537,2276.8079302490537,2.8909999999959837,1520.807930249054,590.0,116.0,50.0,227.89499134261223,True,267.7308807895902,2677.3088078959017,5.297000000005937,1878.3088078959013,625.0,124.0,50.0,0.0
2026098410,12,clustered,legacy,2.7082732531733313,True,190.1469507253769,2281.763408704523,2.438000000001921,1608.763408704523,515.0,98.0,60.0,155.48013809824897,True,187.43867747220358,2249.264129666443,5.046999999998661,1484.2641296664424,590.0,115.0,60.0,84.35975122175068
2026098411,14,clustered,legacy,0.7545690086503782,True,170.06790441915837,2380.950661868217,2.7819999999992433,1677.9506618682167,530.0,103.0,70.0,175.60513184555975,True,169.313335410508,2370.386695747112,5.186999999998079,1613.386695747112,570.0,111.0,76.0,108.95718234322976
2026098412,14,clustered,legacy,-0.254681411442931,True,176.45855681832646,2470.4197954565702,4.51600000000326,1691.4197954565698,590.0,113.0,76.0,69.26241390845871,True,176.7132382297694,2473.9853352167715,6.046999999998661,1703.9853352167706,580.0,114.0,76.0,70.81758768176951
2026098413,10,clustered,legacy,2.4705576878867532,True,228.13483313836008,2281.348331383601,3.3910000000032596,1438.348331383601,660.0,127.0,56.0,113.41586741313995,True,225.66427545047333,2256.642754504733,6.421999999998661,1430.642754504734,645.0,125.0,56.0,115.80587136817621
2026098414,15,clustered,legacy,0.7931746232641217,True,155.23049052729965,2328.457357909495,3.0469999999986612,1644.4573579094947,510.0,99.0,75.0,171.7436398216646,True,154.43731590403553,2316.559738560533,8.5,1606.5597385605336,530.0,102.0,78.0,77.5725791600612
2026098415,11,clustered,legacy,14.446888969872731,True,218.78965561793586,2406.6862117972946,3.0469999999986612,1686.6862117972948,555.0,107.0,58.0,224.63214350642238,True,204.34276664806313,2247.7704331286945,7.625,1507.7704331286945,570.0,109.0,61.0,122.51375543989116
2026098416,12,clustered,legacy,-4.343355094263501,True,195.34286011421796,2344.1143213706155,3.312999999994645,1523.114321370616,635.0,123.0,63.0,104.8849642939499,True,199.68621520848146,2396.2345825017774,6.9689999999973224,1585.234582501777,630.0,121.0,60.0,107.11141075483738
2026098417,14,clustered,legacy,-1.6148197382791807,True,167.0350060685706,2338.4900849599885,3.2969999999986612,1624.4900849599885,540.0,104.0,70.0,155.51618718005693,True,168.64982580684978,2361.097561295897,4.062000000005355,1634.0975612958964,550.0,107.0,70.0,173.3738737865542
2026098418,13,clustered,legacy,-1.7708128189106276,True,200.91348276167642,2611.8752759017934,3.688000000001921,1854.8752759017939,580.0,112.0,65.0,250.6634091901701,True,202.68429558058705,2634.8958425476317,6.109000000004016,1867.8958425476314,585.0,111.0,71.0,250.41900472757425
2026098419,11,clustered,legacy,-0.21431650424344184,True,203.54467781192062,2238.991455931127,3.7810000000026776,1502.9914559311267,570.0,108.0,58.0,0.0,True,203.75899431616406,2241.3489374778046,4.436999999998079,1497.3489374778046,575.0,108.0,61.0,0.0
