clearing_s,clears,enroute_measures,failures,fallbacks,measurement_s,measures,move_m,movement_s,noise,route_end,scenario,seconds_per_source,seed,source_count,stations,success,switching_s,time_accounting_residual_s,total_time_s,variant,wall_s
77.0,17,,4,1,1225.0,245,24445.520203715485,4889.1040407430955,seeded,False,random,493.6233877494688,2026098200,13,21,True,226.0,-9.094947017729282e-13,6417.104040743095,baseline,4.7293152999918675
74.0,16,7,3,0,1285.0,257,22541.07450073644,4508.214900147286,seeded,False,random,469.78576154979135,2026098200,13,21,True,240.0,9.094947017729282e-13,6107.214900147287,candidate,1.3090000999945914
90.0,20,,5,1,1010.0,202,24580.957178655124,4916.191435731025,seeded,False,random,413.3460957154017,2026098201,15,21,True,184.0,0.0,6200.191435731025,baseline,4.677100899993093
90.0,20,10,5,1,1105.0,221,20802.345653055232,4160.469130611045,seeded,False,random,370.7646087074029,2026098201,15,21,True,206.0,-1.8189894035458565e-12,5561.4691306110435,candidate,1.5126852999965195
90.0,20,,5,1,1100.0,220,21165.76088468226,4233.152176936452,seeded,False,random,375.34347846243,2026098202,15,21,True,207.0,-9.094947017729282e-13,5630.152176936451,baseline,4.243252300002496
87.0,19,8,4,0,1275.0,255,21789.94165362751,4357.988330725501,seeded,False,random,397.5992220483668,2026098202,15,21,True,244.0,9.094947017729282e-13,5963.988330725502,candidate,1.3587227999960305
79.0,17,,3,1,1160.0,232,26349.10078482458,5269.8201569649145,seeded,False,random,480.20143978320823,2026098203,14,21,True,214.0,9.094947017729282e-13,6722.820156964915,baseline,4.937327199993888
91.0,21,10,7,1,1460.0,292,24341.1562278902,4868.231245578038,seeded,False,random,478.3736603984312,2026098203,14,21,True,278.0,-1.8189894035458565e-12,6697.231245578037,candidate,1.1841147000086494
55.0,11,,0,0,1280.0,256,21427.821273024223,4285.564254604845,seeded,False,random,532.414932236804,2026098204,11,21,True,236.0,0.0,5856.564254604845,baseline,5.097699300007662
58.0,12,7,1,1,1290.0,258,19979.17270183139,3995.8345403662793,seeded,False,random,507.8031400332982,2026098204,11,21,True,242.0,9.094947017729282e-13,5585.83454036628,candidate,0.7511905999999726
83.0,17,,1,0,850.0,170,19902.40550549473,3980.481101098947,seeded,False,random,316.59256881868413,2026098205,16,20,True,152.0,-9.094947017729282e-13,5065.481101098946,baseline,5.138271599993459
86.0,18,9,2,0,885.0,177,20574.430896710324,4114.8861793420665,seeded,False,random,328.11788620887916,2026098205,16,16,True,164.0,0.0,5249.8861793420665,candidate,1.7624859999923501
96.0,22,,7,1,1075.0,215,26711.906836331782,5342.381367266357,seeded,False,random,447.4920911510904,2026098206,15,21,True,199.0,-1.8189894035458565e-12,6712.3813672663555,baseline,5.974640000000363
93.0,21,6,6,0,1060.0,212,21792.432501716554,4358.486500343311,seeded,False,random,380.43243335622077,2026098206,15,21,True,195.0,9.094947017729282e-13,5706.4865003433115,candidate,1.3268752000003587
68.0,14,,1,0,1235.0,247,23590.700719434837,4718.140143886968,seeded,False,random,480.7030879913052,2026098207,13,21,True,228.0,0.0,6249.140143886968,baseline,3.6046101999963867
86.0,20,10,7,1,1290.0,258,20799.585654932533,4159.917130986508,seeded,False,random,444.60901007588507,2026098207,13,21,True,244.0,-1.8189894035458565e-12,5779.917130986506,candidate,1.145068199999514
96.0,22,,7,1,1065.0,213,21466.624243723498,4293.3248487447,seeded,False,random,376.6883232496467,2026098208,15,21,True,196.0,9.094947017729282e-13,5650.324848744701,baseline,4.194553699999233
81.0,17,10,2,1,1195.0,239,21535.876365207183,4307.175273041436,seeded,False,random,387.2116848694291,2026098208,15,21,True,225.0,0.0,5808.175273041436,candidate,1.518564600002719
73.0,17,,6,1,1335.0,267,25823.9574706918,5164.79149413836,seeded,False,random,620.3446812853055,2026098209,11,21,True,251.0,0.0,6823.79149413836,baseline,2.939728899989859
67.0,15,7,4,1,1330.0,266,19667.650641917266,3933.5301283834538,seeded,False,random,507.13910258031405,2026098209,11,21,True,248.0,0.0,5578.530128383454,candidate,1.057449900006759
68.0,14,,1,0,1080.0,216,21408.997598611244,4281.799519722247,seeded,False,random,432.7538092094036,2026098210,13,21,True,196.0,-9.094947017729282e-13,5625.799519722246,baseline,7.2615906999999424
71.0,15,6,2,0,1165.0,233,21448.022859816432,4289.604571963286,seeded,False,random,441.35419784332964,2026098210,13,21,True,212.0,0.0,5737.604571963286,candidate,1.340496200005873
71.0,15,,2,1,1105.0,221,25219.595295598196,5043.9190591196375,seeded,False,random,493.8399276245875,2026098211,13,21,True,200.0,0.0,6419.9190591196375,baseline,7.378420399996685
83.0,19,5,6,2,1130.0,226,24791.455574689626,4958.291114937924,seeded,False,random,490.4839319183019,2026098211,13,21,True,205.0,0.0,6376.291114937924,candidate,1.2977194999984931
85.0,21,,10,3,1345.0,269,24314.948878255593,4862.989775651119,seeded,False,random,595.0899796046472,2026098212,11,21,True,253.0,0.0,6545.989775651119,baseline,3.6836293999949703
76.0,18,8,7,2,1395.0,279,21811.32255034827,4362.264510069654,seeded,False,random,554.4785918245138,2026098212,11,21,True,266.0,-9.094947017729282e-13,6099.264510069653,candidate,1.0245499000011478
92.0,20,,4,1,1040.0,208,26209.144817560238,5241.828963512049,seeded,False,random,410.11431021950307,2026098213,16,18,True,188.0,0.0,6561.828963512049,baseline,7.544369199997163
101.0,23,7,7,3,1180.0,236,25827.446384930878,5165.489276986177,seeded,False,random,416.3430798116361,2026098213,16,18,True,215.0,0.0,6661.489276986177,candidate,2.9747896999906516
79.0,17,,3,1,1130.0,226,24691.861501773452,4938.372300354691,seeded,False,random,453.95516431104943,2026098214,14,21,True,208.0,9.094947017729282e-13,6355.372300354692,baseline,7.87025100000028
88.0,20,8,6,2,1085.0,217,21315.373875481953,4263.074775096392,seeded,False,random,402.5053410783138,2026098214,14,21,True,199.0,9.094947017729282e-13,5635.074775096393,candidate,3.091855199993006
87.0,19,,4,1,940.0,188,22225.895290886823,4445.179058177366,seeded,False,random,376.14527054515764,2026098215,15,21,True,170.0,-9.094947017729282e-13,5642.179058177365,baseline,11.54685860000609
90.0,20,7,5,2,985.0,197,23886.843899254753,4777.368779850949,seeded,False,random,401.89125199006327,2026098215,15,21,True,176.0,0.0,6028.368779850949,candidate,2.644682099999045
58.0,12,,1,0,1290.0,258,23175.45172495632,4635.090344991265,seeded,False,random,565.6445768173876,2026098216,11,21,True,239.0,-9.094947017729282e-13,6222.090344991264,baseline,5.479801199995563
61.0,13,8,2,1,1420.0,284,20733.622190640595,4146.724438128119,seeded,False,random,535.79313073892,2026098216,11,21,True,266.0,9.094947017729282e-13,5893.72443812812,candidate,1.6709831000043778
53.0,11,,1,1,1315.0,263,21331.983752585664,4266.396750517132,seeded,False,random,587.7396750517131,2026098217,10,21,True,243.0,-9.094947017729282e-13,5877.396750517131,baseline,6.017519200002425
59.0,13,6,3,1,1390.0,278,20881.103709356586,4176.220741871318,seeded,False,random,588.3220741871318,2026098217,10,21,True,258.0,0.0,5883.220741871318,candidate,1.8149018999974942
81.0,17,,2,0,1185.0,237,26122.592864887207,5224.51857297744,seeded,False,random,446.9679048651628,2026098218,15,21,True,214.0,1.8189894035458565e-12,6704.518572977442,baseline,6.589475100001437
84.0,18,11,3,0,1290.0,258,25165.130098822807,5033.026019764561,seeded,False,random,443.20173465097065,2026098218,15,21,True,241.0,-1.8189894035458565e-12,6648.026019764559,candidate,2.161884099987219
63.0,13,,1,0,1310.0,262,27631.53040462608,5526.306080925217,seeded,False,random,595.025506743768,2026098219,12,21,True,241.0,-1.8189894035458565e-12,7140.306080925216,baseline,6.9446617999929
69.0,15,8,3,0,1385.0,277,25061.6828841141,5012.3365768228205,seeded,False,random,560.6113814019017,2026098219,12,21,True,261.0,-9.094947017729282e-13,6727.33657682282,candidate,2.2585734000022057
73.0,15,,1,0,1110.0,222,22117.652460206165,4423.5304920412345,seeded,False,random,414.966463717231,2026098220,14,21,True,203.0,0.0,5809.5304920412345,baseline,9.159914599993499
70.0,14,8,0,0,1205.0,241,22427.776442102808,4485.555288420562,seeded,False,random,427.39680631575436,2026098220,14,21,True,223.0,-9.094947017729282e-13,5983.555288420561,candidate,2.1830574000050547
79.0,17,,3,2,1110.0,222,22361.799575960493,4472.359915192099,seeded,False,random,418.9542796565785,2026098221,14,21,True,204.0,0.0,5865.359915192099,baseline,7.54438890000165
82.0,18,6,4,1,1110.0,222,22383.155888435842,4476.631177687167,seeded,False,random,419.33079840622634,2026098221,14,21,True,202.0,1.8189894035458565e-12,5870.631177687169,candidate,2.2263722000061534
76.0,18,,7,1,1285.0,257,22198.804643766834,4439.760928753366,seeded,False,random,549.069175341215,2026098222,11,21,True,239.0,-9.094947017729282e-13,6039.760928753365,baseline,5.405582500010496
88.0,22,5,11,3,1515.0,303,21288.882710982634,4257.776542196525,seeded,False,random,558.4342311087751,2026098222,11,21,True,282.0,9.094947017729282e-13,6142.776542196526,candidate,1.376082699993276
70.0,16,,5,1,1290.0,258,22139.297036128723,4427.859407225745,seeded,False,random,547.8963097477949,2026098223,11,21,True,239.0,0.0,6026.859407225745,baseline,5.96284910000395
61.0,13,8,2,0,1360.0,272,21408.41509379903,4281.683018759806,seeded,False,random,541.6984562508915,2026098223,11,21,True,256.0,0.0,5958.683018759806,candidate,1.625268200004939
79.0,17,,3,1,1155.0,231,24316.959701716853,4863.391940343371,seeded,False,random,450.8137100245264,2026098224,14,21,True,214.0,-9.094947017729282e-13,6311.39194034337,baseline,4.7838922000082675
70.0,14,7,0,0,1310.0,262,23311.575720639918,4662.315144127982,seeded,False,random,449.1653674377131,2026098224,14,21,True,246.0,9.094947017729282e-13,6288.315144127983,candidate,1.7510202000121353
60.0,12,,0,0,1270.0,254,23647.231770953676,4729.446354190735,seeded,False,random,524.4538628492279,2026098225,12,21,True,234.0,-9.094947017729282e-13,6293.446354190734,baseline,5.820391000001109
69.0,15,8,3,1,1305.0,261,21694.465697199248,4338.8931394398505,seeded,False,random,496.4910949533208,2026098225,12,21,True,245.0,-9.094947017729282e-13,5957.89313943985,candidate,1.5059457999886945
96.0,22,,7,1,900.0,180,21830.42912952693,4366.085825905387,seeded,False,random,368.40572172702576,2026098226,15,21,True,164.0,0.0,5526.085825905387,baseline,10.612614300000132
99.0,23,7,8,3,930.0,186,22014.579996462977,4402.915999292597,seeded,False,random,373.3943999528398,2026098226,15,21,True,169.0,0.0,5600.915999292597,candidate,2.238696600004914
50.0,10,,0,0,1355.0,271,21565.051126234022,4313.010225246805,seeded,False,random,597.1010225246804,2026098227,10,21,True,253.0,-9.094947017729282e-13,5971.010225246804,baseline,4.392921999999089
56.0,12,4,2,1,1380.0,276,19815.373277395454,3963.074655479092,seeded,False,random,565.9074655479092,2026098227,10,21,True,260.0,-9.094947017729282e-13,5659.074655479091,candidate,1.2501776999997674
262.0,78,,64,1,1075.0,215,28939.824426862255,5787.964885372453,seeded,False,random,522.9260632408894,2026098228,14,21,True,196.0,-9.094947017729282e-13,7320.964885372452,baseline,8.388368500003708
100.0,24,8,10,1,1135.0,227,27986.24152781589,5597.24830556318,seeded,False,random,502.9463075402272,2026098228,14,21,True,209.0,9.094947017729282e-13,7041.248305563181,candidate,2.3853323999937857
78.0,16,,1,0,1030.0,206,22029.20085532955,4405.840171065908,seeded,False,random,380.2560114043939,2026098229,15,21,True,190.0,9.094947017729282e-13,5703.840171065909,baseline,7.35208359999524
84.0,18,9,3,0,1105.0,221,20589.71501554897,4117.943003109794,seeded,False,random,367.1962002073195,2026098229,15,21,True,201.0,-9.094947017729282e-13,5507.943003109793,candidate,2.515997900001821
65.0,13,,0,0,1155.0,231,23008.45665955257,4601.691331910515,seeded,False,random,463.9762563008088,2026098230,13,21,True,210.0,-9.094947017729282e-13,6031.691331910514,baseline,6.5248457999987295
68.0,14,7,1,0,1155.0,231,21940.073588405532,4388.014717681106,seeded,False,random,448.07805520623907,2026098230,13,21,True,214.0,1.8189894035458565e-12,5825.014717681108,candidate,1.9010768000007374
59.0,13,,3,0,1440.0,288,21317.245105504902,4263.449021100981,seeded,False,random,603.2449021100981,2026098231,10,21,True,270.0,0.0,6032.449021100981,baseline,4.507903000005172
59.0,13,8,3,1,1490.0,298,20419.45338405196,4083.890676810391,seeded,False,random,591.4890676810392,2026098231,10,21,True,282.0,0.0,5914.890676810392,candidate,1.2459468000015477
102.0,24,,9,1,1020.0,204,25175.058417639393,5035.0116835278795,seeded,False,random,422.8007789018586,2026098232,15,21,True,185.0,0.0,6342.0116835278795,baseline,7.622266200007289
96.0,22,9,7,1,1160.0,232,24879.02584067112,4975.805168134225,seeded,False,random,429.3203445422816,2026098232,15,21,True,208.0,-9.094947017729282e-13,6439.805168134224,candidate,2.200191800002358
75.0,15,,0,0,1110.0,222,30203.331591119466,6040.666318223894,seeded,False,random,495.11108788159294,2026098233,15,21,True,201.0,0.0,7426.666318223894,baseline,5.9527395000041
87.0,19,10,4,1,1265.0,253,23909.912168532355,4781.982433706473,seeded,False,random,424.79882891376485,2026098233,15,21,True,238.0,0.0,6371.982433706473,candidate,1.956178499996895
64.0,14,,3,0,1280.0,256,25535.023964013257,5107.0047928026515,seeded,False,random,608.0004357093321,2026098234,11,21,True,237.0,1.8189894035458565e-12,6688.004792802653,baseline,5.567801300014253
64.0,14,4,3,0,1265.0,253,21221.830114409968,4244.366022881993,seeded,False,random,527.8514566256358,2026098234,11,21,True,233.0,9.094947017729282e-13,5806.366022881994,candidate,1.214483100004145
60.0,12,,0,0,1395.0,279,22950.13774283664,4590.027548567328,seeded,False,random,525.252295713944,2026098235,12,21,True,258.0,0.0,6303.027548567328,baseline,4.43549200000416
66.0,14,10,2,1,1405.0,281,21848.64570524194,4369.729141048389,seeded,False,random,508.6440950873657,2026098235,12,21,True,263.0,0.0,6103.729141048389,candidate,1.9630362000025343
76.0,16,,2,0,970.0,194,21854.454309865796,4370.890861973159,seeded,False,random,399.4207758552257,2026098236,14,21,True,175.0,9.094947017729282e-13,5591.89086197316,baseline,7.841505700009293
79.0,17,8,3,0,995.0,199,21784.20571278119,4356.841142556236,seeded,False,random,400.98865303973116,2026098236,14,21,True,183.0,0.0,5613.841142556236,candidate,1.7167663000000175
128.0,32,,16,2,625.0,125,14836.58760805185,2967.31752161037,seeded,False,random,239.89484510064818,2026098237,16,8,True,118.0,9.094947017729282e-13,3838.317521610371,baseline,5.28206169999612
95.0,21,5,5,1,685.0,137,14496.554617577225,2899.3109235154457,seeded,False,random,238.01943271971535,2026098237,16,8,True,129.0,0.0,3808.3109235154457,candidate,1.8101458000019193
83.0,19,,6,1,1365.0,273,27759.50293077857,5551.900586155713,seeded,False,random,557.9923527812086,2026098238,13,21,True,254.0,-1.8189894035458565e-12,7253.900586155712,baseline,3.91496759999427
83.0,19,10,6,1,1430.0,286,24292.19679428638,4858.439358857277,seeded,False,random,510.8030276044059,2026098238,13,21,True,269.0,0.0,6640.439358857277,candidate,1.1583757000043988
76.0,16,,2,0,1135.0,227,22802.44429021011,4560.488858042023,seeded,False,random,427.1777755744303,2026098239,14,21,True,209.0,1.8189894035458565e-12,5980.488858042025,baseline,4.908515400005854
85.0,19,9,5,0,1185.0,237,23000.933874169623,4600.186774833925,seeded,False,random,434.9419124881377,2026098239,14,21,True,219.0,2.7284841053187847e-12,6089.186774833927,candidate,1.708811099990271
76.0,16,,2,0,1320.0,264,22288.885696197005,4457.777139239399,seeded,False,random,435.62693851710003,2026098240,14,21,True,245.0,1.8189894035458565e-12,6098.777139239401,baseline,3.767164499993669
82.0,18,8,4,1,1315.0,263,23073.4831353808,4614.6966270761595,seeded,False,random,446.69261621972566,2026098240,14,21,True,242.0,0.0,6253.6966270761595,candidate,1.3512858000030974
68.0,14,,1,0,1210.0,242,21971.341576697236,4394.268315339448,seeded,False,random,453.4052550261114,2026098241,13,21,True,222.0,0.0,5894.268315339448,baseline,4.152494599999045
68.0,14,10,1,0,1215.0,243,22736.16646626496,4547.233293252992,seeded,False,random,465.1717917886916,2026098241,13,21,True,217.0,-9.094947017729282e-13,6047.233293252991,candidate,1.7919192999979714
56.0,12,,2,0,1650.0,330,26255.987944234414,5251.197588846883,seeded,False,random,726.9197588846883,2026098242,10,21,True,312.0,0.0,7269.197588846883,baseline,2.4996244000067236
56.0,12,8,2,0,1735.0,347,23022.4060548053,4604.481210961058,seeded,False,random,672.1481210961058,2026098242,10,21,True,326.0,0.0,6721.481210961058,candidate,0.9763150000071619
56.0,12,,2,0,1390.0,278,21525.214657202607,4305.042931440521,seeded,False,random,601.0042931440521,2026098243,10,21,True,259.0,0.0,6010.042931440521,baseline,3.677465000000666
53.0,11,8,1,0,1560.0,312,21412.829236859827,4282.565847371964,seeded,False,random,618.9565847371964,2026098243,10,21,True,294.0,0.0,6189.565847371964,candidate,0.802394500002265
92.0,20,,4,1,885.0,177,19659.224553395874,3931.844910679174,seeded,False,random,316.86530691744844,2026098244,16,17,True,161.0,9.094947017729282e-13,5069.844910679175,baseline,6.405163200004608
83.0,17,8,1,0,1015.0,203,17982.01928036657,3596.4038560733156,seeded,False,random,305.08774100458214,2026098244,16,17,True,187.0,-9.094947017729282e-13,4881.403856073314,candidate,2.0718908999988344
74.0,16,,3,0,1180.0,236,23575.692333527204,4715.1384667054435,seeded,False,random,476.01065128503404,2026098245,13,21,True,219.0,-9.094947017729282e-13,6188.138466705443,baseline,5.437626799990539
71.0,15,7,2,0,1260.0,252,20470.74783677088,4094.1495673541754,seeded,False,random,435.4730436426289,2026098245,13,21,True,236.0,0.0,5661.149567354176,candidate,1.396034099991084
76.0,16,,2,0,1130.0,226,24736.035522538958,4947.207104507791,seeded,False,random,454.3719360362708,2026098246,14,21,True,208.0,9.094947017729282e-13,6361.207104507792,baseline,6.505835100004333
79.0,17,7,3,0,1205.0,241,24576.863825272194,4915.372765054437,seeded,False,random,458.8837689324599,2026098246,14,21,True,225.0,9.094947017729282e-13,6424.372765054438,candidate,1.9119281000021147
110.0,26,,10,2,1085.0,217,23442.384311366146,4688.47686227323,seeded,False,random,380.1548038920769,2026098247,16,19,True,199.0,9.094947017729282e-13,6082.476862273231,baseline,8.32303490000777
107.0,25,7,9,2,935.0,187,20307.026308835175,4061.405261767034,seeded,False,random,329.7753288604398,2026098247,16,13,True,173.0,2.7284841053187847e-12,5276.405261767037,candidate,2.6702103999996325
77.0,17,,4,1,1215.0,243,27359.974469610737,5471.994893922148,seeded,False,random,537.6149918401652,2026098248,13,21,True,225.0,0.0,6988.994893922148,baseline,6.2732526999898255
77.0,17,9,4,1,1360.0,272,25131.01835001577,5026.203670003151,seeded,False,random,516.4772053848579,2026098248,13,21,True,251.0,1.8189894035458565e-12,6714.203670003153,candidate,2.580016499996418
98.0,22,,6,1,810.0,162,23111.28839880167,4622.257679760336,seeded,False,random,354.70360498502095,2026098249,16,15,True,145.0,-9.094947017729282e-13,5675.257679760335,baseline,8.585237599996617
89.0,19,8,3,1,950.0,190,22294.62264804129,4458.924529608259,seeded,False,random,354.49528310051625,2026098249,16,19,True,174.0,9.094947017729282e-13,5671.92452960826,candidate,1.8587755000044126
78.0,16,,1,0,1045.0,209,24467.66093574274,4893.53218714855,seeded,False,random,413.8354791432366,2026098250,15,21,True,191.0,-9.094947017729282e-13,6207.532187148549,baseline,8.024776500009466
84.0,18,8,3,0,1185.0,237,21415.690115099194,4283.138023019838,seeded,False,random,384.9425348679892,2026098250,15,21,True,222.0,0.0,5774.138023019838,candidate,1.6129991000052541
96.0,22,,7,1,1080.0,216,26377.110066716505,5275.422013343301,seeded,False,random,443.29480088955347,2026098251,15,21,True,198.0,9.094947017729282e-13,6649.422013343302,baseline,6.436312900012126
84.0,18,6,3,0,1080.0,216,21977.125183351018,4395.425036670204,seeded,False,random,383.7616691113469,2026098251,15,21,True,197.0,0.0,5756.425036670204,candidate,2.0203183999983594
66.0,14,,2,0,1115.0,223,20014.144235571745,4002.8288471143496,seeded,False,random,448.98573725952906,2026098252,12,21,True,204.0,-9.094947017729282e-13,5387.828847114349,baseline,7.505990700010443
75.0,17,6,5,1,1185.0,237,20200.063732935898,4040.01274658718,seeded,False,random,459.917728882265,2026098252,12,21,True,219.0,0.0,5519.01274658718,candidate,1.9872646000003442
66.0,14,,2,1,1130.0,226,19906.56689667506,3981.3133793350116,seeded,False,random,448.6094482779177,2026098253,12,21,True,206.0,9.094947017729282e-13,5383.3133793350125,baseline,6.911707300008857
66.0,14,6,2,0,1200.0,240,19327.52344668073,3865.504689336146,seeded,False,random,446.1253907780122,2026098253,12,21,True,222.0,9.094947017729282e-13,5353.504689336147,candidate,1.6007213999982923
76.0,16,,2,0,1215.0,243,21530.339488927584,4306.067897785518,seeded,False,random,415.8619926989656,2026098254,14,21,True,225.0,9.094947017729282e-13,5822.067897785519,baseline,6.301151499996195
82.0,18,10,4,1,1185.0,237,19874.656390161144,3974.931278032228,seeded,False,random,389.99509128801634,2026098254,14,21,True,218.0,9.094947017729282e-13,5459.931278032229,candidate,2.1144359999889275
68.0,14,,1,0,1155.0,231,22629.369445027656,4525.873889005532,seeded,False,random,458.6056837696563,2026098255,13,21,True,213.0,0.0,5961.873889005532,baseline,5.937324699989404
71.0,15,8,2,0,1325.0,265,23868.889462773826,4773.777892554765,seeded,False,random,493.13676096575114,2026098255,13,21,True,241.0,0.0,6410.777892554765,candidate,1.924291400006041
50.0,10,,0,0,1315.0,263,21701.010953614255,4340.20219072285,seeded,False,random,594.7202190722852,2026098256,10,21,True,242.0,1.8189894035458565e-12,5947.202190722852,baseline,4.710273199991207
71.0,17,6,7,1,1465.0,293,21224.46580649584,4244.893161299167,seeded,False,random,605.8893161299168,2026098256,10,21,True,278.0,0.0,6058.893161299167,candidate,1.3480742999963695
53.0,11,,1,0,1435.0,287,22213.862777757553,4442.772555551511,seeded,False,random,619.8772555551511,2026098257,10,21,True,268.0,0.0,6198.772555551511,baseline,3.8432385999913095
53.0,11,7,1,0,1465.0,293,21330.960111556782,4266.1920223113575,seeded,False,random,605.9192022311357,2026098257,10,21,True,275.0,0.0,6059.1920223113575,candidate,1.3541163000045344
81.0,17,,2,0,1135.0,227,23393.548376417362,4678.709675283472,seeded,False,random,406.9139783522314,2026098258,15,21,True,209.0,-9.094947017729282e-13,6103.709675283471,baseline,6.026424499999848
78.0,16,10,1,0,1285.0,257,23750.23806333324,4750.047612666648,seeded,False,random,423.3365075111098,2026098258,15,21,True,237.0,-9.094947017729282e-13,6350.047612666647,candidate,2.4789440000022296
68.0,14,,1,0,985.0,197,20592.844252602048,4118.56885052041,seeded,False,random,411.58221927080075,2026098259,13,21,True,179.0,0.0,5350.56885052041,baseline,10.11148759999196
74.0,16,6,3,1,1070.0,214,20084.44238066772,4016.8884761335435,seeded,False,random,411.9144981641185,2026098259,13,21,True,194.0,-1.8189894035458565e-12,5354.888476133541,candidate,2.106104700011201
79.0,17,,3,1,1140.0,228,22375.94388721668,4475.188777443337,seeded,False,random,421.8706269602384,2026098260,14,21,True,212.0,0.0,5906.188777443337,baseline,6.329936699999962
97.0,23,8,9,2,1225.0,245,22089.832930954854,4417.966586190972,seeded,False,random,425.9261847279266,2026098260,14,21,True,223.0,9.094947017729282e-13,5962.9665861909725,candidate,1.9253657999943243
98.0,22,,6,1,930.0,186,23792.45400164011,4758.490800328021,seeded,False,random,372.0931750205013,2026098261,16,17,True,167.0,0.0,5953.490800328021,baseline,9.22879649999959
86.0,18,9,2,0,1200.0,240,23029.125060662886,4605.825012132576,seeded,False,random,381.92656325828597,2026098261,16,19,True,219.0,-9.094947017729282e-13,6110.8250121325755,candidate,1.88712790000136
87.0,19,,4,0,905.0,181,23748.937398923434,4749.787479784689,seeded,False,random,393.7191653189793,2026098262,15,21,True,164.0,9.094947017729282e-13,5905.78747978469,baseline,9.856255799997598
81.0,17,8,2,0,1025.0,205,22099.709275867855,4419.94185517357,seeded,False,random,381.19612367823794,2026098262,15,21,True,192.0,-9.094947017729282e-13,5717.941855173569,candidate,2.2995225000049686
64.0,14,,3,1,1260.0,252,23098.55950322125,4619.711900644252,seeded,False,random,561.519263694932,2026098263,11,21,True,233.0,0.0,6176.711900644252,baseline,6.695914199997787
61.0,13,4,2,1,1380.0,276,25588.52709810873,5117.705419621746,seeded,False,random,620.0641290565226,2026098263,11,21,True,262.0,1.8189894035458565e-12,6820.705419621748,candidate,1.1604203999886522
65.0,13,,0,0,1120.0,224,22863.50674005139,4572.701348010279,seeded,False,random,458.74625753925216,2026098264,13,21,True,206.0,-9.094947017729282e-13,5963.701348010278,baseline,6.275703899998916
86.0,20,7,7,1,1255.0,251,21308.422159320224,4261.684431864047,seeded,False,random,448.8988024510803,2026098264,13,21,True,233.0,-2.7284841053187847e-12,5835.684431864044,candidate,1.824950299996999
74.0,16,,3,1,1325.0,265,22368.35932878641,4473.671865757283,seeded,False,random,470.8978358274833,2026098265,13,21,True,249.0,0.0,6121.671865757283,baseline,5.657288999995217
86.0,20,11,7,2,1275.0,255,21637.80780492229,4327.561560984457,seeded,False,random,456.12012007572747,2026098265,13,21,True,241.0,0.0,5929.561560984457,candidate,1.940759799996158
70.0,14,,0,0,1235.0,247,24023.495800494107,4804.699160098821,seeded,False,random,452.9785114356301,2026098266,14,21,True,232.0,0.0,6341.699160098821,baseline,5.54891409999982
73.0,15,10,1,0,1340.0,268,23995.939798538337,4799.187959707668,seeded,False,random,461.2277114076907,2026098266,14,21,True,245.0,2.7284841053187847e-12,6457.18795970767,candidate,2.446018999995431
83.0,17,,1,0,710.0,142,19709.48224466265,3941.896448932529,seeded,False,random,304.056028058283,2026098267,16,11,True,130.0,-9.094947017729282e-13,4864.896448932528,baseline,9.936403100000462
98.0,22,7,6,1,780.0,156,19278.21543597146,3855.6430871942925,seeded,False,random,304.9776929496432,2026098267,16,11,True,146.0,-9.094947017729282e-13,4879.643087194291,candidate,2.540408100001514
59.0,13,,3,1,1530.0,306,23289.74591459833,4657.949182919666,seeded,False,random,653.2949182919666,2026098268,10,21,True,286.0,0.0,6532.949182919666,baseline,3.8348037999967346
56.0,12,9,2,1,1555.0,311,23984.47244108709,4796.894488217416,seeded,False,random,669.9894488217418,2026098268,10,21,True,292.0,1.8189894035458565e-12,6699.894488217418,candidate,1.1877441000106046
55.0,11,,0,0,1230.0,246,23226.29284411427,4645.258568822854,seeded,False,random,559.6598698929866,2026098269,11,21,True,226.0,0.0,6156.258568822854,baseline,5.0968337999947835
61.0,13,7,2,1,1335.0,267,21794.540566382995,4358.9081132766,seeded,False,random,545.9007375706,2026098269,11,21,True,250.0,0.0,6004.9081132766,candidate,2.134391500003403
90.0,20,,5,1,1070.0,214,21856.005030165576,4371.201006033115,seeded,False,random,382.01340040220776,2026098270,15,21,True,199.0,1.8189894035458565e-12,5730.201006033117,baseline,7.95540649999748
87.0,19,9,4,1,1230.0,246,21347.369110050022,4269.473822010003,seeded,False,random,387.6982548006669,2026098270,15,21,True,229.0,9.094947017729282e-13,5815.4738220100035,candidate,1.9885678999999072
259.0,79,,68,2,1510.0,302,27371.931053011303,5474.386210602261,seeded,False,random,684.12601914566,2026098271,11,21,True,282.0,0.0,7525.386210602261,baseline,4.94573570000648
379.0,119,8,108,1,1620.0,324,27605.368968632476,5521.073793726495,seeded,False,random,711.3703448842268,2026098271,11,21,True,305.0,0.0,7825.073793726495,candidate,1.8222017000080086
73.0,15,,1,0,1150.0,230,24460.70694457069,4892.1413889141395,seeded,False,random,451.8672420652956,2026098272,14,21,True,211.0,-9.094947017729282e-13,6326.141388914139,baseline,7.996422100011841
76.0,16,11,2,1,1285.0,257,23347.329764548445,4669.46595290969,seeded,False,random,447.96185377926355,2026098272,14,21,True,241.0,0.0,6271.46595290969,candidate,2.4825884999881964
84.0,18,,3,0,860.0,172,21603.5073150994,4320.701463019879,seeded,False,random,361.44676420132515,2026098273,15,21,True,157.0,-1.8189894035458565e-12,5421.701463019877,baseline,8.979388899999321
87.0,19,9,4,0,915.0,183,20661.00029528938,4132.200059057877,seeded,False,random,353.3466706038585,2026098273,15,21,True,166.0,0.0,5300.200059057877,candidate,3.06138070000452
85.0,19,,5,1,1055.0,211,22932.16632882699,4586.433265765398,seeded,False,random,422.8166618403855,2026098274,14,21,True,193.0,-9.094947017729282e-13,5919.433265765397,baseline,7.99896960001206
85.0,19,6,5,1,1035.0,207,21574.362661903942,4314.8725323807885,seeded,False,random,401.6337523129134,2026098274,14,21,True,188.0,-9.094947017729282e-13,5622.872532380788,candidate,2.2526705999916885
74.0,16,,3,1,1125.0,225,24324.186778571442,4864.837355714289,seeded,False,random,482.2182581318684,2026098275,13,21,True,205.0,9.094947017729282e-13,6268.8373557142895,baseline,6.754633000004105
80.0,18,7,5,1,1155.0,231,23255.07064844282,4651.014129688563,seeded,False,random,468.69339459142805,2026098275,13,21,True,207.0,1.8189894035458565e-12,6093.014129688565,candidate,2.2484593000117457
119.0,29,,13,3,765.0,153,18729.720519192328,3745.944103838465,seeded,False,random,298.12150648990405,2026098276,16,12,True,140.0,0.0,4769.944103838465,baseline,21.038767699996242
89.0,19,8,3,0,1040.0,208,18636.970454024904,3727.394090804981,seeded,False,random,315.3371306753113,2026098276,16,16,True,189.0,0.0,5045.394090804981,candidate,2.7115735999977915
65.0,13,,0,0,1235.0,247,26620.333023462674,5324.066604692536,seeded,False,random,527.0051234378875,2026098277,13,21,True,227.0,1.8189894035458565e-12,6851.066604692538,baseline,4.271971199996187
68.0,14,11,1,0,1340.0,268,22932.08697769543,4586.417395539087,seeded,False,random,480.26287657992964,2026098277,13,21,True,249.0,-1.8189894035458565e-12,6243.417395539085,candidate,2.2693755000072997
50.0,10,,0,0,1360.0,272,23655.435299362995,4731.087059872601,seeded,False,random,639.2087059872599,2026098278,10,21,True,251.0,-1.8189894035458565e-12,6392.087059872599,baseline,6.2922403999982635
59.0,13,6,3,1,1425.0,285,20621.589928278845,4124.317985655769,seeded,False,random,587.6317985655768,2026098278,10,21,True,268.0,-9.094947017729282e-13,5876.317985655768,candidate,1.562470899996697
70.0,14,,0,0,1000.0,200,22148.52674207909,4429.705348415819,seeded,False,random,405.83609631541566,2026098279,14,21,True,182.0,9.094947017729282e-13,5681.70534841582,baseline,11.292549399993732
82.0,18,9,4,1,1140.0,228,22820.76040392322,4564.1520807846455,seeded,False,random,428.29657719890326,2026098279,14,21,True,210.0,0.0,5996.1520807846455,candidate,2.7126751000032527
58.0,12,,1,0,1385.0,277,24071.124391244666,4814.224878248936,seeded,False,random,592.111352568085,2026098280,11,21,True,256.0,-9.094947017729282e-13,6513.224878248935,baseline,4.888415499997791
55.0,11,5,0,0,1430.0,286,21148.91205621617,4229.7824112432345,seeded,False,random,543.7984010221121,2026098280,11,21,True,267.0,-1.8189894035458565e-12,5981.782411243233,candidate,1.220269700002973
95.0,21,,5,1,660.0,132,21448.301485604075,4289.660297120817,seeded,False,random,322.79126857005093,2026098281,16,14,True,120.0,-1.8189894035458565e-12,5164.660297120815,baseline,11.458569599999464
104.0,24,6,8,2,825.0,165,18472.263890362807,3694.452778072561,seeded,False,random,298.403298629535,2026098281,16,14,True,151.0,-9.094947017729282e-13,4774.45277807256,candidate,3.1032524000038393
68.0,16,,6,1,1455.0,291,21803.646501496074,4360.729300299215,seeded,False,random,615.3729300299215,2026098282,10,21,True,270.0,0.0,6153.729300299215,baseline,5.85241269999824
53.0,11,7,1,0,1480.0,296,21672.241300344205,4334.44826006884,seeded,False,random,614.4448260068841,2026098282,10,21,True,277.0,1.8189894035458565e-12,6144.448260068842,candidate,1.7487192999979015
60.0,12,,0,0,1275.0,255,23611.56865585628,4722.313731171256,seeded,False,random,524.2761442642712,2026098283,12,21,True,234.0,-9.094947017729282e-13,6291.313731171255,baseline,7.14016540000739
72.0,16,9,4,1,1355.0,271,23526.835947636704,4705.367189527341,seeded,False,random,532.0305991272783,2026098283,12,21,True,252.0,-1.8189894035458565e-12,6384.367189527339,candidate,2.691416300003766
55.0,11,,0,0,1425.0,285,22823.700151730558,4564.740030346114,seeded,False,random,573.7945482132831,2026098284,11,21,True,267.0,0.0,6311.740030346114,baseline,5.321411099997931
58.0,12,4,1,0,1295.0,259,20150.810406518238,4030.162081303649,seeded,False,random,510.83291648214987,2026098284,11,21,True,236.0,0.0,5619.162081303649,candidate,2.2771294999984093
63.0,13,,1,0,1235.0,247,22615.752955580334,4523.150591116066,seeded,False,random,504.0125492596722,2026098285,12,21,True,227.0,9.094947017729282e-13,6048.150591116067,baseline,5.590140300002531
72.0,16,7,4,1,1325.0,265,22295.500067313864,4459.100013462774,seeded,False,random,508.67500112189765,2026098285,12,21,True,248.0,-1.8189894035458565e-12,6104.100013462772,candidate,1.8052216000069166
83.0,17,,1,0,865.0,173,19188.236568128545,3837.6473136257086,seeded,False,random,308.97795710160676,2026098286,16,16,True,158.0,0.0,4943.647313625708,baseline,8.274440499997581
86.0,18,10,2,0,985.0,197,19004.645821345795,3800.929164269159,seeded,False,random,315.9330727668224,2026098286,16,16,True,183.0,0.0,5054.929164269159,candidate,2.619946200007689
56.0,12,,2,0,1305.0,261,20530.03946557742,4106.007893115485,seeded,False,random,571.3007893115484,2026098287,10,21,True,246.0,0.0,5713.007893115485,baseline,6.0718764000048395
56.0,12,5,2,0,1310.0,262,20272.149726103657,4054.42994522073,seeded,False,random,566.4429945220733,2026098287,10,21,True,244.0,1.8189894035458565e-12,5664.429945220732,candidate,1.3676081000012346
65.0,13,,0,0,1245.0,249,21482.40063140887,4296.480126281775,seeded,False,random,448.80616356013644,2026098288,13,21,True,228.0,-9.094947017729282e-13,5834.480126281774,baseline,4.968104799991124
65.0,13,8,0,0,1360.0,272,21836.273493227378,4367.2546986454745,seeded,False,random,465.1734383573443,2026098288,13,21,True,255.0,1.8189894035458565e-12,6047.254698645476,candidate,1.9351030999969225
63.0,13,,1,0,1240.0,248,22233.303230635436,4446.660646127088,seeded,False,random,498.2217205105906,2026098289,12,21,True,229.0,0.0,5978.660646127088,baseline,5.762773099995684
66.0,14,8,2,0,1375.0,275,23040.575539240985,4608.115107848196,seeded,False,random,525.3429256540163,2026098289,12,21,True,255.0,-9.094947017729282e-13,6304.115107848195,candidate,1.418026600003941
73.0,15,,1,0,1115.0,223,21136.251645082382,4227.250329016478,seeded,False,random,401.44645207260544,2026098290,14,21,True,205.0,-1.8189894035458565e-12,5620.250329016476,baseline,5.657113599998411
76.0,16,10,2,0,1195.0,239,20870.885225733953,4174.17704514679,seeded,False,random,404.941217510485,2026098290,14,21,True,224.0,0.0,5669.17704514679,candidate,1.7218342000123812
68.0,14,,1,0,1030.0,206,22600.38585120213,4520.077170240426,seeded,False,random,446.5443977108019,2026098291,13,21,True,187.0,-1.8189894035458565e-12,5805.0771702404245,baseline,10.660173199998098
71.0,15,9,2,0,1070.0,214,22040.364985796,4408.0729971592,seeded,False,random,441.92869208916903,2026098291,13,21,True,196.0,-2.7284841053187847e-12,5745.072997159197,candidate,1.7838550000014948
61.0,13,,2,0,1360.0,272,22745.032882557858,4549.006576511571,seeded,False,random,565.7278705919612,2026098292,11,21,True,253.0,1.8189894035458565e-12,6223.006576511573,baseline,5.3841754000022775
61.0,13,8,2,1,1395.0,279,20960.529833738085,4192.105966747616,seeded,False,random,537.0096333406925,2026098292,11,21,True,259.0,1.8189894035458565e-12,5907.1059667476175,candidate,1.7196680000051856
86.0,18,,2,1,970.0,194,23450.484310279437,4690.096862055888,seeded,False,random,370.068553878493,2026098293,16,18,True,175.0,0.0,5921.096862055888,baseline,8.37413280000328
92.0,20,10,4,0,1030.0,206,19841.779862811403,3968.3559725622817,seeded,False,random,330.0847482851425,2026098293,16,17,True,191.0,-1.8189894035458565e-12,5281.35597256228,candidate,2.4848115000058897
55.0,11,,0,0,1345.0,269,23847.41298069437,4769.482596138875,seeded,False,random,583.3165996489885,2026098294,11,21,True,247.0,-1.8189894035458565e-12,6416.482596138873,baseline,5.415937999991002
61.0,13,6,2,0,1395.0,279,25073.67903244443,5014.735806488885,seeded,False,random,612.0668914989897,2026098294,11,21,True,262.0,9.094947017729282e-13,6732.735806488886,candidate,1.3454187999886926
95.0,21,,5,1,995.0,199,24381.342106794375,4876.268421358874,seeded,False,random,384.3292763349297,2026098295,16,15,True,183.0,1.8189894035458565e-12,6149.2684213588755,baseline,6.925885400007246
101.0,23,8,7,2,1105.0,221,20386.454747721087,4077.290949544219,seeded,False,random,342.95568434651375,2026098295,16,17,True,204.0,9.094947017729282e-13,5487.29094954422,candidate,2.019411300003412
96.0,22,,7,2,1075.0,215,21947.518206154164,4389.503641230833,seeded,False,random,383.8335760820556,2026098296,15,21,True,197.0,9.094947017729282e-13,5757.503641230834,baseline,7.850371499996982
111.0,27,8,12,2,1195.0,239,21569.332889516645,4313.866577903327,seeded,False,random,389.5244385268886,2026098296,15,21,True,223.0,1.8189894035458565e-12,5842.866577903329,candidate,2.10362319998967
80.0,18,,5,1,1270.0,254,22655.22266200732,4531.044532401462,seeded,False,random,470.5418871078048,2026098297,13,21,True,236.0,9.094947017729282e-13,6117.044532401463,baseline,6.448223899991717
71.0,15,7,2,0,1305.0,261,22333.104860688476,4466.620972137696,seeded,False,random,468.04776708751496,2026098297,13,21,True,242.0,-1.8189894035458565e-12,6084.6209721376945,candidate,1.9347302999958629
103.0,25,,11,3,1070.0,214,21094.80247025429,4218.960494050858,seeded,False,random,399.3543210036327,2026098298,14,21,True,199.0,0.0,5590.960494050858,baseline,6.049153699990711
85.0,19,10,5,0,1155.0,231,21534.440106161615,4306.888021232323,seeded,False,random,411.4920015165945,2026098298,14,21,True,214.0,0.0,5760.888021232323,candidate,2.361696399995708
63.0,13,,1,0,1265.0,253,21723.723706615554,4344.744741323111,seeded,False,random,492.312061776926,2026098299,12,21,True,235.0,9.094947017729282e-13,5907.744741323112,baseline,6.565317699991283
72.0,16,7,4,1,1280.0,256,21430.47279112075,4286.09455822415,seeded,False,random,489.7578798520126,2026098299,12,21,True,239.0,9.094947017729282e-13,5877.094558224151,candidate,1.6742041999968933
78.0,16,,1,0,1070.0,214,24662.469188605646,4932.493837721127,seeded,False,minradius,418.2995891814085,2026101000,15,21,True,194.0,0.0,6274.493837721127,baseline,9.23571140000422
84.0,18,8,3,0,1105.0,221,22233.29359189796,4446.65871837959,seeded,False,minradius,389.24391455863935,2026101000,15,21,True,203.0,0.0,5838.65871837959,candidate,2.1730255000002217
70.0,14,,0,0,1240.0,248,24135.863407324323,4827.1726814648655,seeded,False,minradius,454.8694772474904,2026101001,14,21,True,231.0,0.0,6368.1726814648655,baseline,4.836279299997841
70.0,14,9,0,0,1110.0,222,22784.66858517126,4556.933717034252,seeded,False,minradius,424.13812264530367,2026101001,14,21,True,201.0,-9.094947017729282e-13,5937.9337170342515,candidate,2.254248400000506
64.0,14,,3,0,1635.0,327,24695.653852010626,4939.130770402125,seeded,False,minradius,631.5573427638296,2026101002,11,21,True,309.0,9.094947017729282e-13,6947.130770402126,baseline,4.1371496000065235
76.0,18,9,7,2,1665.0,333,20773.263238809937,4154.652647761987,seeded,False,minradius,564.69569525109,2026101002,11,21,True,316.0,2.7284841053187847e-12,6211.65264776199,candidate,1.3764001000090502
50.0,10,,0,0,1445.0,289,24051.7421074169,4810.34842148338,seeded,False,minradius,657.334842148338,2026101003,10,21,True,268.0,0.0,6573.34842148338,baseline,4.683213899988914
53.0,11,7,1,0,1490.0,298,21825.08748065727,4365.017496131454,seeded,False,minradius,618.6017496131454,2026101003,10,21,True,278.0,0.0,6186.017496131454,candidate,1.6617535999976099
80.0,16,,0,0,885.0,177,22547.98369744353,4509.596739488707,seeded,False,minradius,352.1622962180442,2026101004,16,16,True,160.0,9.094947017729282e-13,5634.5967394887075,baseline,6.975569399990491
92.0,20,10,4,1,1145.0,229,24626.002994330178,4925.200598866034,seeded,False,minradius,397.5125374291271,2026101004,16,20,True,198.0,0.0,6360.200598866034,candidate,2.9002341000013985
101.0,23,,7,2,1160.0,232,29547.62153378504,5909.52430675701,seeded,False,minradius,461.1577691723132,2026101005,16,20,True,208.0,9.094947017729282e-13,7378.524306757011,baseline,8.239777900002082
95.0,21,10,5,2,1260.0,252,23528.73909058142,4705.747818116284,seeded,False,minradius,393.4842386322678,2026101005,16,19,True,235.0,9.094947017729282e-13,6295.747818116285,candidate,2.3493021999893244
65.0,13,,0,0,1405.0,281,23812.119783197806,4762.42395663956,seeded,False,minradius,499.4941505107354,2026101006,13,21,True,261.0,0.0,6493.42395663956,baseline,4.924433799998951
65.0,13,9,0,0,1465.0,293,21040.256041031946,4208.05120820639,seeded,False,minradius,462.85009293895325,2026101006,13,21,True,279.0,2.7284841053187847e-12,6017.051208206392,candidate,1.5407148999947822
65.0,13,,0,0,1155.0,231,23953.066637310294,4790.61332746206,seeded,False,minradius,478.6625636509277,2026101007,13,21,True,212.0,9.094947017729282e-13,6222.613327462061,baseline,6.35466820000147
65.0,13,11,0,0,1280.0,256,23841.852916769392,4768.370583353877,seeded,False,minradius,487.8746602579905,2026101007,13,21,True,229.0,0.0,6342.370583353877,candidate,2.3945961999997962
75.0,15,,0,0,1195.0,239,25381.940973653407,5076.388194730682,seeded,False,minradius,437.55921298204544,2026101008,15,21,True,217.0,0.0,6563.388194730682,baseline,6.184486400001333
75.0,15,9,0,0,1150.0,230,26851.899038889704,5370.379807777942,seeded,False,minradius,453.8919871851961,2026101008,15,21,True,213.0,0.0,6808.379807777942,candidate,2.1200002999976277
61.0,13,,2,0,1370.0,274,26087.231091547303,5217.44621830946,seeded,False,minradius,627.5860198463143,2026101009,11,21,True,255.0,-1.8189894035458565e-12,6903.446218309458,baseline,4.22118349999073
58.0,12,11,1,0,1420.0,284,21518.225701923053,4303.645140384611,seeded,False,minradius,550.0586491258737,2026101009,11,21,True,269.0,-9.094947017729282e-13,6050.64514038461,candidate,1.5113431999925524
70.0,14,,0,0,1200.0,240,26487.67278967907,5297.534557935814,seeded,False,minradius,484.9667541382724,2026101010,14,21,True,222.0,0.0,6789.534557935814,baseline,4.8317473000061
82.0,18,10,4,1,1165.0,233,21309.004047052396,4261.800809410481,seeded,False,minradius,409.12862924360576,2026101010,14,21,True,219.0,0.0,5727.800809410481,candidate,2.0259365000092657
53.0,11,,1,0,1405.0,281,22343.01882582078,4468.603765164156,seeded,False,minradius,618.8603765164157,2026101011,10,21,True,262.0,9.094947017729282e-13,6188.603765164157,baseline,5.061366999987513
50.0,10,9,0,0,1485.0,297,23198.860973005307,4639.77219460106,seeded,False,minradius,645.3772194601061,2026101011,10,21,True,279.0,9.094947017729282e-13,6453.772194601061,candidate,1.3203314999991562
83.0,19,,6,1,1385.0,277,28242.424554100042,5648.48491082001,seeded,False,directional,567.1911469861545,2026101100,13,21,True,257.0,0.0,7373.48491082001,baseline,4.303960999997798
68.0,14,10,1,0,1460.0,292,27699.504113706083,5539.900822741218,seeded,False,directional,564.9154479031706,2026101100,13,21,True,276.0,9.094947017729282e-13,7343.900822741219,candidate,1.7938526999932947
68.0,14,,1,0,1415.0,283,25695.03508842692,5139.007017685383,seeded,False,directional,529.6928475142603,2026101101,13,21,True,264.0,9.094947017729282e-13,6886.007017685384,baseline,4.574498000001768
68.0,14,9,1,0,1350.0,270,22902.453459278804,4580.490691855762,seeded,False,directional,480.57620706582776,2026101101,13,21,True,249.0,-9.094947017729282e-13,6247.490691855761,candidate,1.9436627999966731
98.0,22,,6,1,900.0,180,24212.815340643116,4842.563068128622,seeded,False,directional,375.28519175803905,2026101102,16,13,True,164.0,2.7284841053187847e-12,6004.563068128625,baseline,7.306818700002623
101.0,23,8,7,1,985.0,197,23387.536062152383,4677.507212430474,seeded,False,directional,371.53170077690476,2026101102,16,13,True,181.0,1.8189894035458565e-12,5944.507212430476,candidate,2.3686172000016086
88.0,20,,6,1,1090.0,218,24861.39617326776,4972.279234653552,seeded,False,directional,453.51994533239656,2026101103,14,21,True,199.0,0.0,6349.279234653552,baseline,6.73091199999908
94.0,22,11,8,2,1380.0,276,22202.326642657692,4440.465328531539,seeded,False,directional,441.0332377522526,2026101103,14,21,True,260.0,-2.7284841053187847e-12,6174.465328531536,candidate,2.185441900001024
62.0,14,,4,0,1430.0,286,21419.70018460121,4283.940036920243,seeded,False,directional,604.7940036920241,2026101104,10,21,True,272.0,-1.8189894035458565e-12,6047.940036920241,baseline,4.031123699998716
65.0,15,8,5,2,1535.0,307,21448.199447069834,4289.639889413967,seeded,False,directional,617.4639889413967,2026101104,10,21,True,285.0,0.0,6174.639889413967,candidate,1.4479012000083458
113.0,27,,11,3,970.0,194,23853.429793876727,4770.685958775346,seeded,False,directional,377.167872423459,2026101105,16,15,True,181.0,-1.8189894035458565e-12,6034.685958775344,baseline,6.363099099995452
128.0,32,11,16,3,1225.0,245,24305.623003110297,4861.12460062206,seeded,False,directional,402.0077875388788,2026101105,16,18,True,218.0,9.094947017729282e-13,6432.124600622061,candidate,2.6017173000000184
93.0,21,,6,2,1200.0,240,27393.23584112021,5478.647168224044,seeded,False,directional,466.1098112149363,2026101106,15,21,True,220.0,0.0,6991.647168224044,baseline,4.7677947000047425
84.0,18,12,3,1,1405.0,281,26667.361948221565,5333.472389644314,seeded,False,directional,472.16482597628755,2026101106,15,21,True,260.0,-9.094947017729282e-13,7082.472389644313,candidate,2.0953640999941854
95.0,23,,10,2,1125.0,225,25271.183750658052,5054.236750131611,seeded,False,directional,498.47975001012395,2026101107,13,21,True,206.0,0.0,6480.236750131611,baseline,5.616158800010453
68.0,14,8,1,1,1200.0,240,23638.174404066063,4727.634880813214,seeded,False,directional,477.81806775486257,2026101107,13,21,True,216.0,-9.094947017729282e-13,6211.634880813213,candidate,1.934019399996032
70.0,14,,0,0,1060.0,212,23590.419381451207,4718.083876290244,seeded,False,directional,431.43456259216026,2026101108,14,21,True,192.0,0.0,6040.083876290244,baseline,5.231687300009071
85.0,19,10,5,1,1190.0,238,22908.33693509348,4581.667387018696,seeded,False,directional,433.76195621562096,2026101108,14,21,True,216.0,-2.7284841053187847e-12,6072.667387018693,candidate,2.7259425000083866
83.0,19,,6,1,1250.0,250,24663.62437460292,4932.724874920584,seeded,False,directional,499.90191345542956,2026101109,13,21,True,233.0,9.094947017729282e-13,6498.724874920585,baseline,4.89370400000189
68.0,14,8,1,0,1345.0,269,22999.284005244623,4599.856801048923,seeded,False,directional,481.75821546530176,2026101109,13,21,True,250.0,-9.094947017729282e-13,6262.8568010489225,candidate,1.8956847000081325
68.0,16,,6,2,1545.0,309,23823.143591375047,4764.628718275009,seeded,False,directional,666.7628718275008,2026101110,10,21,True,290.0,-9.094947017729282e-13,6667.628718275008,baseline,4.057474100001855
62.0,14,8,4,1,1585.0,317,22941.677814570827,4588.335562914164,seeded,False,directional,653.2335562914163,2026101110,10,21,True,297.0,-9.094947017729282e-13,6532.335562914163,candidate,1.1879924000095343
60.0,12,,0,0,1290.0,258,24639.196668813565,4927.839333762715,seeded,False,directional,542.9866111468929,2026101111,12,21,True,238.0,0.0,6515.839333762715,baseline,5.309172599998419
66.0,14,8,2,0,1410.0,282,21072.11236784362,4214.422473568724,seeded,False,directional,496.36853946406023,2026101111,12,21,True,266.0,-9.094947017729282e-13,5956.422473568723,candidate,1.4267792999889934
107.0,25,,9,1,720.0,144,20706.242479681026,4141.248495936205,seeded,False,omni,318.5155309960129,2026101200,16,17,True,128.0,1.8189894035458565e-12,5096.248495936206,baseline,9.026304600003641
98.0,22,5,6,0,530.0,106,13629.572937304856,2725.9145874609712,seeded,False,omni,215.80716171631067,2026101200,16,6,True,99.0,-4.547473508864641e-13,3452.914587460971,candidate,2.4996327999979258
71.0,15,,2,0,1280.0,256,21477.1230768877,4295.424615377538,seeded,False,omni,452.6480473367337,2026101201,13,21,True,238.0,0.0,5884.424615377538,baseline,5.1821870999992825
80.0,18,8,5,0,1180.0,236,20269.633043029502,4053.9266086059024,seeded,False,omni,425.686662200454,2026101201,13,21,True,220.0,0.0,5533.926608605902,candidate,1.7884387999947648
53.0,11,,1,0,1300.0,260,20104.158749712657,4020.8317499425325,seeded,False,omni,561.3831749942532,2026101202,10,21,True,240.0,0.0,5613.831749942532,baseline,7.44649990000471
56.0,12,4,2,0,1275.0,255,20215.704313992523,4043.1408627985047,seeded,False,omni,561.0140862798505,2026101202,10,21,True,236.0,0.0,5610.140862798505,candidate,1.516505200008396
63.0,13,,1,0,1120.0,224,18941.541416608343,3788.3082833216695,seeded,False,omni,431.3590236101393,2026101203,12,21,True,205.0,1.8189894035458565e-12,5176.308283321671,baseline,7.64244989999861
75.0,17,7,5,0,1200.0,240,18983.309690635382,3796.661938127077,seeded,False,omni,441.0551615105897,2026101203,12,21,True,221.0,-9.094947017729282e-13,5292.661938127077,candidate,1.7757241999934195
55.0,11,,0,0,1240.0,248,19220.50371600518,3844.100743201036,seeded,False,omni,487.82734029100334,2026101204,11,21,True,227.0,9.094947017729282e-13,5366.1007432010365,baseline,4.965598499999032
61.0,13,5,2,0,1285.0,257,19285.189853378834,3857.0379706757667,seeded,False,omni,494.82163369779704,2026101204,11,21,True,240.0,9.094947017729282e-13,5443.037970675768,candidate,1.5076509000064107
66.0,14,,2,0,1095.0,219,19123.001896436588,3824.600379287318,seeded,False,omni,432.13336494060985,2026101205,12,21,True,200.0,0.0,5185.600379287318,baseline,6.7051366000087
78.0,18,6,6,0,1165.0,233,19063.313814513043,3812.662762902608,seeded,False,omni,439.47189690855066,2026101205,12,21,True,218.0,0.0,5273.662762902608,candidate,1.7049578000005567
61.0,13,,2,0,1150.0,230,18987.083865048786,3797.416773009757,seeded,False,omni,474.583343000887,2026101206,11,21,True,212.0,0.0,5220.416773009757,baseline,7.4828543000039645
64.0,14,5,3,0,1210.0,242,19022.50095314552,3804.500190629104,seeded,False,omni,481.954562784464,2026101206,11,21,True,223.0,0.0,5301.500190629104,candidate,1.4119315999996616
90.0,20,,5,0,995.0,199,21969.66536521331,4393.933073042662,seeded,False,omni,377.39553820284414,2026101207,15,21,True,182.0,0.0,5660.933073042662,baseline,6.681412099991576
99.0,23,9,8,0,1080.0,216,21418.385966404945,4283.677193280988,seeded,False,omni,377.64514621873246,2026101207,15,21,True,202.0,-9.094947017729282e-13,5664.677193280987,candidate,2.459170800007996
58.0,12,,1,0,1140.0,228,19784.394114252038,3956.8788228504063,seeded,False,omni,487.53443844094613,2026101208,11,21,True,208.0,9.094947017729282e-13,5362.878822850407,baseline,7.678376199997729
61.0,13,6,2,0,1200.0,240,19803.974029896723,3960.7948059793443,seeded,False,omni,494.708618725395,2026101208,11,21,True,220.0,9.094947017729282e-13,5441.794805979345,candidate,1.6005901000025915
83.0,17,,1,0,500.0,100,14575.040779600957,2915.0081559201917,seeded,False,omni,224.50050974501198,2026101209,16,7,True,94.0,0.0,3592.0081559201917,baseline,8.249635599990143
86.0,18,4,2,0,545.0,109,12534.87966769798,2506.975933539596,seeded,False,omni,202.62349584622473,2026101209,16,7,True,104.0,-4.547473508864641e-13,3241.9759335395956,candidate,1.8143511999951443
66.0,14,,2,0,1205.0,241,21788.95943554282,4357.791887108564,seeded,False,omni,487.64932392571365,2026101210,12,21,True,223.0,0.0,5851.791887108564,baseline,7.233409499996924
60.0,12,6,0,0,1190.0,238,20668.24956747823,4133.649913495645,seeded,False,omni,466.9708261246371,2026101210,12,21,True,220.0,0.0,5603.649913495645,candidate,1.3881436999945436
101.0,23,,7,0,935.0,187,17527.247757176687,3505.4495514353366,seeded,False,omni,294.84059696470854,2026101211,16,14,True,176.0,0.0,4717.449551435337,baseline,9.663981199992122
89.0,19,9,3,0,850.0,170,18763.64441467846,3752.7288829356917,seeded,False,omni,302.8580551834807,2026101211,16,14,True,154.0,0.0,4845.728882935691,candidate,2.195378800010076
50.0,10,,0,0,1510.0,302,23556.49273574174,4711.298547148348,seeded,False,boundary,655.2298547148348,2026101300,10,21,True,281.0,0.0,6552.298547148348,baseline,2.99510499999451
56.0,12,9,2,0,1630.0,326,24236.338727267223,4847.267745453443,seeded,False,boundary,684.3267745453443,2026101300,10,21,True,310.0,0.0,6843.267745453443,candidate,1.413963099999819
69.0,15,,3,0,1455.0,291,23184.42141287157,4636.884282574314,seeded,False,boundary,535.9903568811927,2026101301,12,21,True,271.0,-9.094947017729282e-13,6431.884282574313,baseline,3.5242715000058524
69.0,15,11,3,0,1495.0,299,23846.23602731632,4769.2472054632635,seeded,False,boundary,551.1872671219386,2026101301,12,21,True,281.0,0.0,6614.2472054632635,candidate,1.7019301999971503
275.0,81,,65,1,1380.0,276,28490.39517183045,5698.079034366091,seeded,False,boundary,475.4424396478806,2026101302,16,18,True,254.0,-1.8189894035458565e-12,7607.079034366089,baseline,6.618290599988541
83.0,17,11,1,0,1430.0,286,24778.43308590516,4955.6866171810325,seeded,False,boundary,420.66791357381464,2026101302,16,20,True,262.0,1.8189894035458565e-12,6730.686617181034,candidate,2.11324260001129
60.0,12,,0,0,1405.0,281,26950.420069191045,5390.084013838211,seeded,False,boundary,592.8403344865176,2026101303,12,21,True,259.0,0.0,7114.084013838211,baseline,4.310452100005932
66.0,14,10,2,0,1575.0,315,23682.395745256035,4736.479149051206,seeded,False,boundary,555.8732624209339,2026101303,12,21,True,293.0,9.094947017729282e-13,6670.479149051207,candidate,1.9825464000023203
76.0,16,,2,0,1245.0,249,23622.570066739365,4724.514013347873,seeded,False,boundary,448.3938580962766,2026101304,14,21,True,232.0,-9.094947017729282e-13,6277.514013347872,baseline,4.980534800008172
85.0,19,13,5,0,1340.0,268,23120.8093709115,4624.161874182301,seeded,False,boundary,450.08299101302157,2026101304,14,21,True,252.0,9.094947017729282e-13,6301.161874182302,candidate,2.210019700010889
259.0,79,,68,1,1630.0,326,28726.210354062856,5745.242070812569,seeded,False,boundary,721.7492791647792,2026101305,11,21,True,305.0,1.8189894035458565e-12,7939.242070812571,baseline,5.306840899997042
385.0,121,8,110,1,1715.0,343,30026.924913362294,6005.384982672462,seeded,False,boundary,765.8531802429512,2026101305,11,21,True,319.0,1.8189894035458565e-12,8424.384982672464,candidate,1.7477940999960992
58.0,12,,1,0,1420.0,284,19593.643412254285,3918.728682450858,seeded,False,boundary,514.8844256773508,2026101306,11,21,True,267.0,9.094947017729282e-13,5663.728682450858,baseline,4.275347800008603
67.0,15,10,4,0,1465.0,293,18216.29324828324,3643.2586496566487,seeded,False,boundary,495.8416954233315,2026101306,11,21,True,279.0,-2.7284841053187847e-12,5454.258649656646,candidate,1.6011380999989342
205.0,59,,45,1,1340.0,268,27771.81176913227,5554.362353826457,seeded,False,boundary,524.8830252733184,2026101307,14,21,True,249.0,0.0,7348.362353826457,baseline,4.356175799999619
97.0,23,11,9,1,1525.0,305,24231.346547416517,4846.269309483306,seeded,False,boundary,482.3049506773787,2026101307,14,21,True,284.0,-3.637978807091713e-12,6752.269309483302,candidate,1.8347366999951191
63.0,13,,1,0,1620.0,324,23230.696930925405,4646.13938618508,seeded,False,boundary,552.3449488487566,2026101308,12,21,True,299.0,-9.094947017729282e-13,6628.139386185079,baseline,3.5019942999933846
72.0,16,7,4,0,1575.0,315,25266.38291583651,5053.276583167303,seeded,False,boundary,583.0230485972753,2026101308,12,21,True,296.0,0.0,6996.276583167303,candidate,1.1916262000013376
68.0,14,,1,0,1380.0,276,25317.147936685193,5063.429587337037,seeded,False,boundary,520.6484297951569,2026101309,13,21,True,257.0,1.8189894035458565e-12,6768.429587337039,baseline,3.674863699998241
74.0,16,10,3,0,1605.0,321,22874.03176288097,4574.8063525761945,seeded,False,boundary,504.292796352015,2026101309,13,21,True,302.0,0.0,6555.8063525761945,candidate,1.2973986999859335
63.0,13,,1,0,1690.0,338,25247.633303101426,5049.526660620287,seeded,False,boundary,592.8772217183572,2026101310,12,21,True,312.0,0.0,7114.526660620287,baseline,2.722531400009757
72.0,16,8,4,0,1715.0,343,22981.539402337683,4596.307880467538,seeded,False,boundary,558.6923233722946,2026101310,12,21,True,321.0,-2.7284841053187847e-12,6704.307880467535,candidate,1.086171100003412
250.0,76,,65,1,1670.0,334,28409.60843542774,5681.92168708555,seeded,False,boundary,719.1746988259591,2026101311,11,21,True,309.0,0.0,7910.92168708555,baseline,2.5351158999983454
64.0,14,8,3,0,1610.0,322,26295.525127090837,5259.105025418169,seeded,False,boundary,658.0095477652881,2026101311,11,21,True,305.0,0.0,7238.105025418169,candidate,1.097927199996775
235.0,71,,60,1,2040.0,408,33359.57784698606,6671.915569397212,seeded,False,outward,847.8105063088373,2026101400,11,21,True,379.0,-1.8189894035458565e-12,9325.91556939721,baseline,3.6045767000032356
376.0,118,4,107,1,2080.0,416,34269.380704896925,6853.876140979388,seeded,False,outward,881.2614673617635,2026101400,11,21,True,384.0,1.0913936421275139e-11,9693.876140979399,candidate,1.5299366999970516
243.0,73,,61,1,2145.0,429,32882.508199097145,6576.501639819428,seeded,False,outward,780.2918033182858,2026101401,12,21,True,399.0,1.8189894035458565e-12,9363.50163981943,baseline,5.588861299998825
408.0,128,4,116,2,2205.0,441,33351.67943496533,6670.335886993067,seeded,False,outward,808.0279905827553,2026101401,12,21,True,413.0,-3.637978807091713e-12,9696.335886993063,candidate,1.6639447000052314
65.0,13,,0,0,2210.0,442,32733.00697732093,6546.601395464185,seeded,False,outward,709.8154919587835,2026101402,13,21,True,406.0,0.0,9227.601395464186,baseline,4.867016300006071
65.0,13,5,0,0,2185.0,437,33120.08114934569,6624.016229869138,seeded,False,outward,713.5397099899338,2026101402,13,21,True,402.0,0.0,9276.01622986914,candidate,1.778533199991216
393.0,121,,106,2,2030.0,406,36343.39390137853,7268.678780275705,seeded,False,outward,671.4452520183803,2026101403,15,21,True,380.0,-1.8189894035458565e-12,10071.678780275704,baseline,6.759088299993891
399.0,123,10,108,1,2140.0,428,35084.13903357564,7016.827806715123,seeded,False,outward,663.3218537810086,2026101403,15,21,True,394.0,7.275957614183426e-12,9949.82780671513,candidate,6.186407200002577
73.0,15,,1,1,2080.0,416,31381.079439297704,6276.21588785954,seeded,False,outward,629.8725634185386,2026101404,14,21,True,389.0,0.0,8818.21588785954,baseline,4.9409989999985555
76.0,16,5,2,2,2145.0,429,32438.030520387332,6487.606104077466,seeded,False,outward,650.400436005533,2026101404,14,21,True,397.0,-3.637978807091713e-12,9105.606104077462,candidate,2.008894800004782
64.0,14,,3,1,2030.0,406,31305.75180366876,6261.150360733751,seeded,False,outward,794.195487339432,2026101405,11,21,True,381.0,1.8189894035458565e-12,8736.150360733753,baseline,4.23078520000854
67.0,15,5,4,1,2100.0,420,29739.244908938184,5947.848981787636,seeded,False,outward,773.3499074352399,2026101405,11,21,True,392.0,1.8189894035458565e-12,8506.848981787638,candidate,1.3843822000053478
50.0,10,,0,0,2105.0,421,28884.876820782596,5776.975364156521,seeded,False,outward,832.697536415652,2026101406,10,21,True,395.0,-1.8189894035458565e-12,8326.97536415652,baseline,3.596408999990672
50.0,10,4,0,0,2015.0,403,29307.275441501406,5861.455088300283,seeded,False,outward,829.9455088300285,2026101406,10,21,True,373.0,1.8189894035458565e-12,8299.455088300285,candidate,1.2609269999957178
247.0,73,,59,1,2190.0,438,33558.565235744485,6711.713047148899,seeded,False,outward,682.9795033677783,2026101407,14,21,True,413.0,-3.637978807091713e-12,9561.713047148896,baseline,5.331715699998313
73.0,15,4,1,1,1990.0,398,30748.787130998044,6149.757426199609,seeded,False,outward,613.1255304428294,2026101407,14,21,True,371.0,1.8189894035458565e-12,8583.75742619961,candidate,1.9662681000045268
50.0,10,,0,0,2155.0,431,28518.081121739197,5703.616224347839,seeded,False,outward,830.961622434784,2026101408,10,21,True,401.0,0.0,8309.61622434784,baseline,3.5821999000036158
50.0,10,7,0,0,2170.0,434,29171.204655852045,5834.24093117041,seeded,False,outward,845.7240931170411,2026101408,10,21,True,403.0,0.0,8457.24093117041,candidate,1.2096642999968026
53.0,11,,1,1,2005.0,401,30103.05219453908,6020.61043890782,seeded,False,outward,845.361043890782,2026101409,10,21,True,375.0,-1.8189894035458565e-12,8453.61043890782,baseline,3.112801399998716
59.0,13,4,3,1,2160.0,432,31137.45084427134,6227.490168854274,seeded,False,outward,884.9490168854275,2026101409,10,21,True,403.0,0.0,8849.490168854274,candidate,1.1003592000051867
189.0,55,,43,3,2110.0,422,34973.499272349094,6994.699854469818,seeded,False,outward,806.8916545391515,2026101410,12,21,True,389.0,0.0,9682.699854469818,baseline,4.389182400002028
447.0,141,2,129,4,2140.0,428,36259.59323336443,7251.918646672889,seeded,False,outward,852.8265538894078,2026101410,12,21,True,395.0,3.637978807091713e-12,10233.918646672893,candidate,1.2062698000081582
542.0,174,,164,3,2095.0,419,39860.903889463196,7972.180777892641,seeded,False,outward,1099.6180777892637,2026101411,10,21,True,387.0,-5.4569682106375694e-12,10996.180777892636,baseline,3.6799529999989318
377.0,119,5,109,2,2215.0,443,35263.40795151785,7052.68159030356,seeded,False,outward,1006.068159030356,2026101411,10,21,True,416.0,0.0,10060.68159030356,candidate,1.1437254000047687
50.0,10,,0,0,1225.0,245,19274.92213312742,3854.984426625484,seeded,False,cluster,535.4984426625484,2026101500,10,21,True,225.0,0.0,5354.984426625484,baseline,5.6634027999971295
50.0,10,2,0,0,1395.0,279,19616.889105969745,3923.377821193949,seeded,False,cluster,562.0377821193949,2026101500,10,21,True,252.0,0.0,5620.377821193949,candidate,1.0514389999880223
58.0,12,,1,1,1175.0,235,20064.670132783864,4012.9340265567726,seeded,False,cluster,496.53945695970657,2026101501,11,21,True,216.0,0.0,5461.934026556773,baseline,5.717081800001324
61.0,13,3,2,1,1365.0,273,20287.5278018504,4057.50556037008,seeded,False,cluster,521.500505488189,2026101501,11,21,True,253.0,-9.094947017729282e-13,5736.505560370079,candidate,1.162838100004592
55.0,11,,0,0,1190.0,238,21785.14238963427,4357.028477926854,seeded,False,cluster,529.0025889024413,2026101502,11,21,True,217.0,0.0,5819.028477926854,baseline,4.997839000003296
55.0,11,2,0,0,1345.0,269,19506.88272198386,3901.376544396772,seeded,False,cluster,504.30695858152467,2026101502,11,21,True,246.0,0.0,5547.376544396771,candidate,1.1118652000004658
78.0,16,,1,0,755.0,151,18334.74968624936,3666.949937249872,seeded,False,cluster,308.79666248332484,2026101503,15,21,True,132.0,0.0,4631.949937249872,baseline,12.74194880000141
75.0,15,1,0,0,950.0,190,18371.553923982676,3674.3107847965357,seeded,False,cluster,324.4873856531023,2026101503,15,21,True,168.0,-9.094947017729282e-13,4867.310784796535,candidate,1.7041844000050332
78.0,16,,1,0,775.0,155,19158.869728000227,3831.7739456000463,seeded,False,cluster,321.38492970666977,2026101504,15,21,True,136.0,0.0,4820.773945600046,baseline,12.667550199999823
75.0,15,2,0,0,1030.0,206,19473.325805105775,3894.6651610211547,seeded,False,cluster,345.91101073474357,2026101504,15,21,True,189.0,-9.094947017729282e-13,5188.665161021154,candidate,1.7925341000081971
89.0,19,,3,1,435.0,87,4762.529772715493,952.5059545430984,seeded,False,cluster,97.40662215894368,2026101505,16,5,True,82.0,4.547473508864641e-13,1558.5059545430988,baseline,6.766426199988928
80.0,16,1,0,0,740.0,148,6786.796157150167,1357.3592314300345,seeded,False,cluster,144.58495196437718,2026101505,16,8,True,136.0,4.547473508864641e-13,2313.359231430035,candidate,1.6302049000078114
75.0,15,,0,0,845.0,169,22000.594407744135,4400.118881548827,seeded,False,cluster,364.5412587699218,2026101506,15,21,True,148.0,0.0,5468.118881548827,baseline,9.137401500003762
75.0,15,2,0,0,1120.0,224,19671.592923760414,3934.3185847520836,seeded,False,cluster,355.08790565013885,2026101506,15,21,True,197.0,-9.094947017729282e-13,5326.318584752083,candidate,1.523356399993645
80.0,16,,0,0,400.0,80,4680.937942232608,936.1875884465219,seeded,False,cluster,93.3242242779076,2026101507,16,5,True,77.0,-2.2737367544323206e-13,1493.1875884465217,baseline,9.389084199996432
80.0,16,2,0,0,705.0,141,6923.036437059416,1384.6072874118834,seeded,False,cluster,143.85045546324272,2026101507,16,8,True,132.0,0.0,2301.6072874118836,candidate,1.8457708999922033
63.0,13,,1,0,1060.0,212,19434.34451728981,3886.8689034579616,seeded,False,cluster,433.57240862149683,2026101508,12,21,True,193.0,0.0,5202.868903457962,baseline,7.724007099997834
60.0,12,3,0,0,1320.0,264,20603.41606311418,4120.6832126228355,seeded,False,cluster,478.39026771856953,2026101508,12,21,True,240.0,-9.094947017729282e-13,5740.683212622835,candidate,1.5887320999900112
69.0,15,,3,1,1135.0,227,23069.83147794646,4613.966295589292,seeded,False,cluster,502.0805246324409,2026101509,12,21,True,207.0,-9.094947017729282e-13,6024.966295589291,baseline,5.7480369999975665
60.0,12,2,0,0,1295.0,259,18763.72388350588,3752.744776701176,seeded,False,cluster,445.062064725098,2026101509,12,21,True,233.0,0.0,5340.744776701176,candidate,1.1535479000012856
75.0,15,,0,0,765.0,153,19259.627567837648,3851.9255135675303,seeded,False,cluster,321.72836757116875,2026101510,15,21,True,134.0,9.094947017729282e-13,4825.925513567531,baseline,12.607202900006087
78.0,16,3,1,0,1055.0,211,19322.36154662987,3864.4723093259736,seeded,False,cluster,345.16482062173156,2026101510,15,21,True,180.0,0.0,5177.472309325974,candidate,1.9305185999983223
80.0,16,,0,0,450.0,90,4441.899195161193,888.3798390322384,seeded,False,cluster,93.77373993951493,2026101511,16,5,True,82.0,4.547473508864641e-13,1500.3798390322388,baseline,5.5039478999970015
83.0,17,2,1,0,795.0,159,7165.338935171544,1433.0677870343086,seeded,False,cluster,153.25423668964427,2026101511,16,8,True,141.0,-4.547473508864641e-13,2452.0677870343084,candidate,1.557566899995436
