case_id,seed,strategy,source_total,source_cleared,success,seconds_per_source,error,total_virtual_time_s,virtual_time_min,movement_time_s,measurement_time_s,switching_time_s,clearing_time_s,tail_after_last_clear_s,measure_count,clear_count,clear_success_count,detected,empty_certified,unknown,per_source_movement_s,per_source_action_s,per_source_tail_s
1,1405468406,EmptyChannelStrategy,10,10,True,309.4700526488194,,3094.7005264881936,51.57834210813656,2058.7005264881936,820.0,160.0,56.0,60.0,164.0,12.0,10.0,10,10,0,205.87005264881935,103.6,6.0
2,1405468407,EmptyChannelStrategy,12,12,True,256.1532591438325,,3073.8391097259896,51.23065182876649,2177.8391097259887,695.0,132.0,69.0,0.0,139.0,15.0,12.0,12,8,0,181.48659247716571,74.66666666666667,0.0
3,1405468408,EmptyChannelStrategy,16,16,True,234.76924410407238,,3756.307905665158,62.60513176108597,2904.3079056651577,640.0,120.0,92.0,0.0,128.0,20.0,16.0,16,4,0,181.51924410407236,53.25,0.0
4,1405468409,EmptyChannelStrategy,10,10,True,286.569908891891,,2865.6990889189096,47.76165148198183,2108.69908891891,585.0,110.0,62.0,242.1991612349484,117.0,14.0,10.0,10,10,0,210.86990889189101,75.7,24.21991612349484
5,1405468410,EmptyChannelStrategy,11,11,True,268.4543686306893,,2952.9980549375823,49.21663424895971,1983.998054937582,760.0,145.0,64.0,53.0,152.0,14.0,11.0,11,9,0,180.3634595397802,88.0909090909091,4.818181818181818
6,1405468411,EmptyChannelStrategy,15,15,True,212.83920684100312,,3192.588102615047,53.20980171025078,2407.588102615046,590.0,111.0,84.0,0.0,118.0,18.0,15.0,15,5,0,160.50587350766972,52.333333333333336,0.0
7,1405468412,EmptyChannelStrategy,15,15,True,222.61377073313074,,3339.206560996961,55.653442683282684,2525.2065609969604,615.0,112.0,87.0,0.0,123.0,19.0,15.0,15,5,0,168.34710406646403,54.266666666666666,0.0
8,1405468413,EmptyChannelStrategy,15,15,True,191.53233686217666,,2872.98505293265,47.883084215544166,2141.985052932651,545.0,105.0,81.0,277.23108974217666,109.0,17.0,15.0,15,5,0,142.7990035288434,48.733333333333334,18.482072649478443
9,1405468414,EmptyChannelStrategy,11,11,True,284.0999159015885,,3125.099074917473,52.08498458195788,2129.099074917473,785.0,150.0,61.0,0.0,157.0,13.0,11.0,11,9,0,193.5544613561339,90.54545454545455,0.0
10,1405468415,EmptyChannelStrategy,14,14,True,224.674648092681,,3145.445073297534,52.424084554958895,2342.445073297534,605.0,116.0,82.0,36.0,121.0,18.0,14.0,14,6,0,167.31750523553814,57.357142857142854,2.5714285714285716
11,1405468416,EmptyChannelStrategy,13,13,True,239.88341925869508,,3118.484450363036,51.974740839383934,2337.4844503630356,595.0,112.0,74.0,0.0,119.0,16.0,13.0,13,7,0,179.80649618177196,60.07692307692308,0.0
12,1405468417,EmptyChannelStrategy,16,16,True,199.74811002741777,,3195.9697604386843,53.26616267397807,2423.9697604386847,575.0,111.0,86.0,0.0,115.0,18.0,16.0,16,4,0,151.4981100274178,48.25,0.0
13,1405468418,EmptyChannelStrategy,11,11,True,262.6627955255742,,2889.290750781316,48.154845846355265,1979.2907507813156,710.0,136.0,64.0,388.63972951934466,142.0,14.0,11.0,11,9,0,179.93552279830143,82.72727272727273,35.330884501758604
14,1405468419,EmptyChannelStrategy,10,10,True,334.1761740233882,,3341.7617402338824,55.69602900389804,2396.761740233883,745.0,144.0,56.0,0.0,149.0,12.0,10.0,10,10,0,239.67617402338828,94.5,0.0
15,1405468420,EmptyChannelStrategy,15,15,True,188.32213783321475,,2824.8320674982215,47.08053445830369,1999.8320674982217,620.0,118.0,87.0,0.0,124.0,19.0,15.0,15,5,0,133.32213783321478,55.0,0.0
16,1405468421,EmptyChannelStrategy,11,11,True,269.5957510605282,,2965.55326166581,49.425887694430166,1995.5532616658104,765.0,147.0,58.0,54.0,153.0,12.0,11.0,11,9,0,181.41393287871003,88.18181818181819,4.909090909090909
17,1405468422,EmptyChannelStrategy,11,11,True,276.05735279837904,,3036.6308807821692,50.610514679702824,2136.6308807821697,710.0,135.0,55.0,54.0,142.0,11.0,11.0,11,9,0,194.23917098019726,81.81818181818181,4.909090909090909
18,1405468423,EmptyChannelStrategy,14,14,True,228.27867696400693,,3195.901477496097,53.26502462493495,2508.9014774960974,515.0,99.0,73.0,0.0,103.0,15.0,14.0,14,6,0,179.20724839257838,49.07142857142857,0.0
19,1405468424,EmptyChannelStrategy,15,15,True,239.87399161439052,,3598.109874215858,59.96849790359763,2820.109874215858,590.0,110.0,78.0,0.0,118.0,16.0,15.0,15,5,0,188.00732494772384,51.86666666666667,0.0
20,1405468425,EmptyChannelStrategy,13,13,True,254.92514080216125,,3314.026830428096,55.23378050713494,2245.0268304280953,835.0,160.0,74.0,88.80488665065377,167.0,16.0,13.0,13,7,0,172.69437157139194,82.23076923076923,6.831145126973367
21,1405468426,EmptyChannelStrategy,11,11,True,293.5772159689403,,3229.3493756583434,53.82248959430572,2239.3493756583434,785.0,150.0,55.0,107.70036140415823,157.0,11.0,11.0,11,9,0,203.57721596894032,90.0,9.790941945832566
22,1405468427,EmptyChannelStrategy,12,12,True,273.8360464229036,,3286.032557074843,54.76720928458072,2355.032557074843,730.0,138.0,63.0,250.9333796308788,146.0,13.0,12.0,12,8,0,196.25271308957028,77.58333333333333,20.9111149692399
23,1405468428,EmptyChannelStrategy,13,13,True,231.54014434756124,,3010.0218765182963,50.167031275304936,2073.0218765182967,725.0,141.0,71.0,0.0,145.0,15.0,13.0,13,7,0,159.4632212706382,72.07692307692308,0.0
24,1405468429,EmptyChannelStrategy,16,16,True,192.1124134807575,,3073.79861569212,51.229976928202,2444.79861569212,455.0,88.0,86.0,0.0,91.0,18.0,16.0,16,4,0,152.7999134807575,39.3125,0.0
25,1405468430,EmptyChannelStrategy,12,12,True,251.80492550518875,,3021.659106062265,50.36098510103775,2136.659106062263,690.0,132.0,63.0,48.0,138.0,13.0,12.0,12,8,0,178.0549255051886,73.75,4.0
26,1405468431,EmptyChannelStrategy,16,16,True,202.32478084404224,,3237.196493504676,53.9532748917446,2526.196493504675,525.0,97.0,89.0,0.0,105.0,19.0,16.0,16,4,0,157.88728084404218,44.4375,0.0
27,1405468432,EmptyChannelStrategy,14,14,True,217.52124528548208,,3045.297433996749,50.75495723327915,2261.2974339967486,595.0,113.0,76.0,35.0,119.0,16.0,14.0,14,6,0,161.52124528548205,56.0,2.5
28,1405468433,EmptyChannelStrategy,15,15,True,217.23724492498033,,3258.558673874705,54.30931123124508,2451.5586738747047,600.0,117.0,90.0,111.4198927805819,120.0,20.0,15.0,15,5,0,163.43724492498032,53.8,7.427992852038794
29,1405468434,EmptyChannelStrategy,15,15,True,222.80565031734395,,3342.0847547601593,55.70141257933599,2583.0847547601597,565.0,104.0,90.0,30.0,113.0,20.0,15.0,15,5,0,172.20565031734398,50.6,2.0
30,1405468435,EmptyChannelStrategy,15,15,True,211.68572181359303,,3175.2858272038957,52.92143045339826,2344.2858272038957,630.0,117.0,84.0,175.90724610570578,126.0,18.0,15.0,15,5,0,156.28572181359306,55.4,11.727149740380385
31,1405468436,EmptyChannelStrategy,10,10,True,297.8882068421975,,2978.882068421975,49.64803447369958,2112.8820684219745,685.0,128.0,53.0,293.64024930450114,137.0,11.0,10.0,10,10,0,211.28820684219744,86.6,29.364024930450114
32,1405468437,EmptyChannelStrategy,15,15,True,247.82711295005075,,3717.406694250761,61.95677823751269,2799.406694250761,700.0,131.0,87.0,347.14969918151246,140.0,19.0,15.0,15,5,0,186.62711295005073,61.2,23.143313278767497
33,1405468438,EmptyChannelStrategy,12,12,True,257.3887098429325,,3088.66451811519,51.4777419685865,2253.66451811519,640.0,123.0,72.0,258.79852298537844,128.0,16.0,12.0,12,8,0,187.80537650959914,69.58333333333333,21.56654358211487
34,1405468439,EmptyChannelStrategy,15,15,True,206.64034995842752,,3099.6052493764128,51.66008748960688,2202.605249376413,685.0,131.0,81.0,0.0,137.0,17.0,15.0,15,5,0,146.84034995842754,59.8,0.0
35,1405468440,EmptyChannelStrategy,15,15,True,233.2838995343603,,3499.2584930154044,58.320974883590075,2644.258493015404,645.0,123.0,87.0,0.0,129.0,19.0,15.0,15,5,0,176.28389953436027,57.0,0.0
36,1405468441,EmptyChannelStrategy,12,12,True,276.03829224322266,,3312.4595069186717,55.20765844864453,2430.4595069186717,690.0,132.0,60.0,0.0,138.0,12.0,12.0,12,8,0,202.53829224322263,73.5,0.0
37,1405468442,EmptyChannelStrategy,14,14,True,223.73167034082027,,3132.2433847714838,52.204056412858066,2386.2433847714838,565.0,108.0,73.0,0.0,113.0,15.0,14.0,14,6,0,170.445956055106,53.285714285714285,0.0
38,1405468443,EmptyChannelStrategy,14,14,True,230.23066108136422,,3223.229255139099,53.720487585651654,2400.229255139099,630.0,120.0,73.0,299.6664854632336,126.0,15.0,14.0,14,6,0,171.44494679564994,58.785714285714285,21.404748961659543
39,1405468444,EmptyChannelStrategy,10,10,True,286.78836308596425,,2867.8836308596424,47.798060514327375,1938.8836308596424,735.0,141.0,53.0,181.35505122664063,147.0,11.0,10.0,10,10,0,193.88836308596424,92.9,18.135505122664064
40,1405468445,EmptyChannelStrategy,12,12,True,231.27457092815177,,2775.2948511378213,46.254914185630355,2070.294851137822,530.0,103.0,72.0,112.39924085050507,106.0,16.0,12.0,12,8,0,172.52457092815186,58.75,9.366603404208755
41,1405468446,EmptyChannelStrategy,11,11,True,273.5031203307248,,3008.534323637973,50.14223872729955,2107.534323637973,705.0,135.0,61.0,0.0,141.0,13.0,11.0,11,9,0,191.5940294216339,81.9090909090909,0.0
42,1405468447,EmptyChannelStrategy,10,10,True,312.7974497497711,,3127.9744974977107,52.13290829162851,2257.9744974977107,690.0,130.0,50.0,168.57414146116707,138.0,10.0,10.0,10,10,0,225.79744974977106,87.0,16.857414146116707
43,1405468448,EmptyChannelStrategy,13,13,True,235.92006320020113,,3066.9608216026145,51.11601369337691,2196.960821602614,670.0,126.0,74.0,0.0,134.0,16.0,13.0,13,7,0,168.99698627712417,66.92307692307692,0.0
44,1405468449,EmptyChannelStrategy,15,15,True,186.16735445907753,,2792.510316886163,46.54183861476938,2042.5103168861629,565.0,104.0,81.0,0.0,113.0,17.0,15.0,15,5,0,136.16735445907753,50.0,0.0
45,1405468450,EmptyChannelStrategy,15,15,True,195.2261432847748,,2928.3921492716217,48.8065358211937,2127.392149271622,600.0,117.0,84.0,30.0,120.0,18.0,15.0,15,5,0,141.82614328477482,53.4,2.0
46,1405468451,EmptyChannelStrategy,14,14,True,257.51668198557525,,3605.233547798053,60.08722579663422,2680.2335477980528,715.0,137.0,73.0,0.0,143.0,15.0,14.0,14,6,0,191.44525341414663,66.07142857142857,0.0
47,1405468452,EmptyChannelStrategy,14,14,True,226.7803563295283,,3174.924988613396,52.91541647688994,2374.9249886133957,610.0,114.0,76.0,0.0,122.0,16.0,14.0,14,6,0,169.63749918667114,57.142857142857146,0.0
48,1405468453,EmptyChannelStrategy,14,14,True,243.68227455569254,,3411.5518437796954,56.859197396328256,2593.551843779694,620.0,122.0,76.0,267.90126754306766,124.0,16.0,14.0,14,6,0,185.253703127121,58.42857142857143,19.135804824504834
49,1405468454,EmptyChannelStrategy,12,12,True,285.74378722265567,,3428.925446671868,57.148757444531135,2501.9254466718685,725.0,139.0,63.0,0.0,145.0,13.0,12.0,12,8,0,208.4937872226557,77.25,0.0
50,1405468455,EmptyChannelStrategy,14,14,True,249.46443611294134,,3492.502105581179,58.20836842635298,2667.502105581179,635.0,120.0,70.0,35.0,127.0,14.0,14.0,14,6,0,190.53586468436993,58.92857142857143,2.5
51,1405468456,EmptyChannelStrategy,16,16,True,198.9292291262369,,3182.8676660197902,53.04779443366317,2369.8676660197907,610.0,114.0,89.0,0.0,122.0,19.0,16.0,16,4,0,148.11672912623692,50.8125,0.0
52,1405468457,EmptyChannelStrategy,11,11,True,307.23590775271254,,3379.5949852798376,56.32658308799729,2328.5949852798367,830.0,160.0,61.0,55.573647309766784,166.0,13.0,11.0,11,9,0,211.6904532072579,95.54545454545455,5.052149755433344
53,1405468458,EmptyChannelStrategy,15,15,True,208.2230575221297,,3123.3458628319454,52.05576438053242,2265.3458628319445,655.0,125.0,78.0,0.0,131.0,16.0,15.0,15,5,0,151.02305752212962,57.2,0.0
54,1405468459,EmptyChannelStrategy,14,14,True,239.31786776318685,,3350.450148684616,55.840835811410265,2567.450148684616,595.0,115.0,73.0,36.0,119.0,15.0,14.0,14,6,0,183.38929633461544,55.92857142857143,2.5714285714285716
55,1405468460,EmptyChannelStrategy,16,16,True,184.86325690374414,,2957.8121104599063,49.2968685076651,2309.8121104599063,475.0,90.0,83.0,0.0,95.0,17.0,16.0,16,4,0,144.36325690374414,40.5,0.0
56,1405468461,EmptyChannelStrategy,15,15,True,228.5513893537407,,3428.27084030611,57.13784733843517,2642.2708403061106,590.0,109.0,87.0,349.7389129808885,118.0,19.0,15.0,15,5,0,176.1513893537407,52.4,23.31592753205923
57,1405468462,EmptyChannelStrategy,12,12,True,298.0552002524518,,3576.662403029422,59.61104005049037,2631.6624030294215,735.0,141.0,69.0,0.0,147.0,15.0,12.0,12,8,0,219.30520025245178,78.75,0.0
58,1405468463,EmptyChannelStrategy,16,16,True,210.17834313882966,,3362.8534902212746,56.04755817035458,2681.8534902212746,500.0,92.0,89.0,0.0,100.0,19.0,16.0,16,4,0,167.61584313882966,42.5625,0.0
59,1405468464,EmptyChannelStrategy,10,10,True,283.2952215972844,,2832.952215972844,47.21587026621407,1961.9522159728433,685.0,133.0,53.0,229.97178387662098,137.0,11.0,10.0,10,10,0,196.19522159728433,87.1,22.997178387662096
60,1405468465,EmptyChannelStrategy,13,13,True,230.25040349537673,,2993.2552454398974,49.88758742399829,2263.2552454398974,555.0,107.0,68.0,42.0,111.0,14.0,13.0,13,7,0,174.09655734153057,56.15384615384615,3.230769230769231
61,1405468466,EmptyChannelStrategy,11,11,True,281.04299054971943,,3091.472896046914,51.524548267448566,2262.4728960469147,645.0,123.0,61.0,54.0,129.0,13.0,11.0,11,9,0,205.67935418608315,75.36363636363636,4.909090909090909
62,1405468467,EmptyChannelStrategy,15,15,True,214.53913550230806,,3218.087032534621,53.634783875577014,2448.087032534622,585.0,110.0,75.0,0.0,117.0,15.0,15.0,15,5,0,163.2058021689748,51.333333333333336,0.0
63,1405468468,EmptyChannelStrategy,11,11,True,267.881975069502,,2946.701725764522,49.1116954294087,2001.701725764522,740.0,144.0,61.0,230.17052091011965,148.0,13.0,11.0,11,9,0,181.9728841604111,85.9090909090909,20.92459281001088
64,1405468469,EmptyChannelStrategy,13,13,True,239.70941087788322,,3116.222341412482,51.93703902354137,2296.222341412482,625.0,118.0,77.0,42.0,125.0,17.0,13.0,13,7,0,176.63248780096015,63.07692307692308,3.230769230769231
65,1405468470,EmptyChannelStrategy,16,16,True,196.270475742622,,3140.327611881952,52.33879353136587,2446.327611881952,515.0,96.0,83.0,0.0,103.0,17.0,16.0,16,4,0,152.895475742622,43.375,0.0
66,1405468471,EmptyChannelStrategy,11,11,True,311.000637264841,,3421.007009913251,57.01678349855418,2436.0070099132504,775.0,149.0,61.0,0.0,155.0,13.0,11.0,11,9,0,221.45518271938639,89.54545454545455,0.0
67,1405468472,EmptyChannelStrategy,11,11,True,306.34773786470174,,3369.825116511719,56.16375194186198,2467.82511651172,710.0,134.0,58.0,54.0,142.0,12.0,11.0,11,9,0,224.3477378647018,82.0,4.909090909090909
68,1405468473,EmptyChannelStrategy,10,10,True,266.6840260464811,,2666.8402604648113,44.447337674413525,1941.8402604648115,565.0,110.0,50.0,0.0,113.0,10.0,10.0,10,10,0,194.18402604648116,72.5,0.0
69,1405468474,EmptyChannelStrategy,11,11,True,287.97778629208665,,3167.755649212953,52.79592748688255,2317.7556492129524,660.0,129.0,61.0,0.0,132.0,13.0,11.0,11,9,0,210.7050590193593,77.27272727272727,0.0
70,1405468475,EmptyChannelStrategy,15,15,True,221.2462871842442,,3318.6943077636633,55.31157179606105,2510.694307763663,610.0,117.0,81.0,0.0,122.0,17.0,15.0,15,5,0,167.37962051757754,53.86666666666667,0.0
71,1405468476,EmptyChannelStrategy,13,13,True,247.03860118231776,,3211.5018153701308,53.52503025616885,2420.5018153701303,610.0,113.0,68.0,73.5143568165754,122.0,14.0,13.0,13,7,0,186.19244733616387,60.84615384615385,5.654950524351954
72,1405468477,EmptyChannelStrategy,13,13,True,233.38551425861112,,3034.0116853619447,50.56686142269908,2192.0116853619447,655.0,122.0,65.0,0.0,131.0,13.0,13.0,13,7,0,168.61628348938035,64.76923076923077,0.0
73,1405468478,EmptyChannelStrategy,15,15,True,230.34050350471716,,3455.1075525707574,57.58512587617929,2655.1075525707565,610.0,112.0,78.0,0.0,122.0,16.0,15.0,15,5,0,177.00717017138376,53.333333333333336,0.0
74,1405468479,EmptyChannelStrategy,11,11,True,309.0718351270511,,3399.790186397562,56.6631697732927,2499.7901863975612,705.0,137.0,58.0,268.47937445116395,141.0,12.0,11.0,11,9,0,227.2536533088692,81.81818181818181,24.40721585919672
75,1405468480,EmptyChannelStrategy,16,16,True,195.3021822570479,,3124.834916112766,52.08058193521277,2283.8349161127653,630.0,119.0,92.0,0.0,126.0,20.0,16.0,16,4,0,142.73968225704783,52.5625,0.0
76,1405468481,EmptyChannelStrategy,12,12,True,238.68688370352163,,2864.2426044422596,47.73737674070433,2045.242604442259,635.0,124.0,60.0,316.27204215481106,127.0,12.0,12.0,12,8,0,170.4368837035216,68.25,26.356003512900923
77,1405468482,EmptyChannelStrategy,14,14,True,208.81507402876278,,2923.4110364026787,48.72351727337798,2194.4110364026787,545.0,102.0,82.0,36.0,109.0,18.0,14.0,14,6,0,156.7436454573342,52.07142857142857,2.5714285714285716
78,1405468483,EmptyChannelStrategy,14,14,True,258.0802507340173,,3613.123510276242,60.2187251712707,2696.1235102762425,710.0,134.0,73.0,0.0,142.0,15.0,14.0,14,6,0,192.5802507340173,65.5,0.0
79,1405468484,EmptyChannelStrategy,12,12,True,273.3907971090016,,3280.689565308019,54.678159421800316,2427.6895653080196,660.0,124.0,69.0,236.33913821973601,132.0,15.0,12.0,12,8,0,202.3074637756683,71.08333333333333,19.694928184978
80,1405468485,EmptyChannelStrategy,11,11,True,294.569423533727,,3240.263658870997,54.00439431451662,2360.2636588709966,690.0,132.0,58.0,53.0,138.0,12.0,11.0,11,9,0,214.56942353372696,80.0,4.818181818181818
81,1405468486,EmptyChannelStrategy,12,12,True,252.50127461615136,,3030.0152953938164,50.50025492323027,2200.0152953938154,640.0,121.0,69.0,48.0,128.0,15.0,12.0,12,8,0,183.33460794948462,69.16666666666667,4.0
82,1405468487,EmptyChannelStrategy,11,11,True,278.2634613996454,,3060.898075396099,51.014967923268316,2144.8980753960977,720.0,138.0,58.0,53.0,144.0,12.0,11.0,11,9,0,194.99073412691797,83.27272727272727,4.818181818181818
83,1405468488,EmptyChannelStrategy,14,14,True,240.35715497533198,,3365.000169654648,56.0833361609108,2588.000169654647,590.0,108.0,79.0,0.0,118.0,17.0,14.0,14,6,0,184.85715497533192,55.5,0.0
84,1405468489,EmptyChannelStrategy,14,14,True,223.94498882926445,,3135.229843609702,52.25383072682837,2288.2298436097026,655.0,122.0,70.0,544.0083705157631,131.0,14.0,14.0,14,6,0,163.44498882926447,60.5,38.85774075112594
85,1405468490,EmptyChannelStrategy,14,14,True,260.1703936903038,,3642.3855116642535,60.706425194404225,2633.3855116642526,785.0,148.0,76.0,0.0,157.0,16.0,14.0,14,6,0,188.09896511887518,72.07142857142857,0.0
86,1405468491,EmptyChannelStrategy,13,13,True,251.34299539024045,,3267.4589400731256,54.45764900121876,2413.458940073126,660.0,126.0,68.0,0.0,132.0,14.0,13.0,13,7,0,185.65068769793277,65.6923076923077,0.0
87,1405468492,EmptyChannelStrategy,13,13,True,252.5234227242319,,3282.8044954150146,54.71340825691691,2528.8044954150146,575.0,111.0,68.0,292.43539083444875,115.0,14.0,13.0,13,7,0,194.5234227242319,58.0,22.495030064188366
88,1405468493,EmptyChannelStrategy,10,10,True,324.2173549566133,,3242.173549566133,54.03622582610221,2357.1735495661324,700.0,135.0,50.0,0.0,140.0,10.0,10.0,10,10,0,235.71735495661324,88.5,0.0
89,1405468494,EmptyChannelStrategy,15,15,True,247.37337505806556,,3710.6006258709835,61.84334376451639,2912.6006258709826,595.0,116.0,87.0,0.0,119.0,19.0,15.0,15,5,0,194.17337505806552,53.2,0.0
90,1405468495,EmptyChannelStrategy,12,12,True,250.4654027403527,,3005.584832884232,50.09308054807054,2057.584832884232,740.0,139.0,69.0,48.0,148.0,15.0,12.0,12,8,0,171.4654027403527,79.0,4.0
91,1405468496,EmptyChannelStrategy,15,15,True,222.9884695591919,,3344.827043387879,55.74711738979798,2450.827043387878,675.0,129.0,90.0,0.0,135.0,20.0,15.0,15,5,0,163.38846955919186,59.6,0.0
92,1405468497,EmptyChannelStrategy,13,13,True,241.32656915621675,,3137.2453990308177,52.28742331718029,2449.245399030817,520.0,97.0,71.0,181.31180751562533,104.0,15.0,13.0,13,7,0,188.4034922331398,52.92307692307692,13.947062116586563
93,1405468498,EmptyChannelStrategy,14,14,True,217.70918820152684,,3047.928634821376,50.79881058035627,2262.9286348213764,595.0,114.0,76.0,210.09475363070942,119.0,16.0,14.0,14,6,0,161.63775963009832,56.07142857142857,15.006768116479245
94,1405468499,EmptyChannelStrategy,11,11,True,275.8144764285449,,3033.9592407139935,50.565987345233225,2185.959240713994,665.0,125.0,58.0,0.0,133.0,12.0,11.0,11,9,0,198.7235673376358,77.0909090909091,0.0
95,1405468500,EmptyChannelStrategy,15,15,True,208.65606432677578,,3129.8409649016367,52.164016081693944,2350.8409649016367,585.0,113.0,81.0,30.0,117.0,17.0,15.0,15,5,0,156.72273099344244,51.93333333333333,2.0
96,1405468501,EmptyChannelStrategy,13,13,True,278.1216432758937,,3615.581362586618,60.25968937644363,2778.5813625866176,635.0,119.0,83.0,0.0,127.0,19.0,13.0,13,7,0,213.73702789127827,64.38461538461539,0.0
97,1405468502,EmptyChannelStrategy,11,11,True,303.73035429400574,,3341.0338972340633,55.683898287234385,2455.033897234063,700.0,131.0,55.0,199.64700828268087,140.0,11.0,11.0,11,9,0,223.18489974855117,80.54545454545455,18.149728025698263
98,1405468503,EmptyChannelStrategy,14,14,True,246.0476204212284,,3444.6666858971976,57.41111143161996,2479.6666858971976,745.0,144.0,76.0,0.0,149.0,16.0,14.0,14,6,0,177.11904899265696,68.92857142857143,0.0
99,1405468504,EmptyChannelStrategy,14,14,True,218.1875487315853,,3054.625682242194,50.910428037369904,2138.625682242195,700.0,134.0,82.0,66.94415518231926,140.0,18.0,14.0,14,6,0,152.75897730301395,65.42857142857143,4.7817253701656615
100,1405468505,EmptyChannelStrategy,10,10,True,300.78851168423995,,3007.8851168423994,50.13141861403999,2192.8851168424003,640.0,122.0,53.0,0.0,128.0,11.0,10.0,10,10,0,219.28851168424004,81.5,0.0
