case_id,seed,directional_probability,source_count,directional_count,cleared_count,success,total_time_s,seconds_per_source,movement_time_s,measurement_time_s,switching_time_s,clearing_time_s,survey_time_s,localization_time_s,measurement_count,clear_attempt_count,failed_clear_count,survey_station_count,grid_fallback_count,probe_no_signal_count,directional_block_count,range_no_signal_count,skipped_impossible_remeasure_count
1,2042,1.0,14,14,14,True,7825.120609968694,558.9371864263353,5749.120609968695,1540.0,286.0,250.0,5524.815889703271,2300.3047202654234,308,74,60,25,1,2,41,89,8
2,2043,1.0,12,12,12,True,7037.505695404727,586.4588079503939,5128.505695404727,1555.0,285.0,69.0,5562.320527440173,1475.1851679645542,311,15,3,25,1,1,20,66,5
3,2044,1.0,13,13,13,True,7466.937844664545,574.379834204965,5649.937844664546,1465.0,269.0,83.0,5502.9439879293905,1963.9938567351546,293,19,6,25,1,2,34,54,28
4,2045,1.0,10,10,10,True,7264.917200872074,726.4917200872075,5033.917200872076,1820.0,340.0,71.0,5781.624789857535,1483.2924110145395,364,17,7,25,1,0,33,59,11
5,2046,1.0,11,11,11,True,6517.179770836156,592.4708882578324,4646.179770836158,1530.0,283.0,58.0,5503.310134817997,1013.8696360181593,306,12,1,25,0,0,26,28,16
6,2047,1.0,12,12,12,True,6776.791652972596,564.7326377477164,4974.791652972597,1465.0,268.0,69.0,5470.826880376412,1305.964772596184,293,15,3,25,1,0,24,45,18
7,2048,1.0,16,16,16,True,8346.455707931842,521.6534817457401,6306.455707931844,1435.0,264.0,341.0,4975.520987307111,3370.934720624731,287,103,87,25,4,3,43,126,15
8,2049,1.0,10,10,10,True,7381.9636471682825,738.1963647168283,5253.963647168282,1740.0,323.0,65.0,5735.633648698253,1646.3299984700298,348,15,5,25,1,0,26,51,19
9,2050,1.0,12,12,12,True,7138.520608328004,594.8767173606669,5191.520608328004,1590.0,294.0,63.0,5667.899906262118,1470.6207020658858,318,13,1,25,1,1,25,65,17
10,2051,1.0,13,13,13,True,7525.713045249081,578.9010034806986,5477.71304524908,1660.0,308.0,80.0,5767.594759748009,1758.118285501072,332,18,5,25,1,1,32,98,36
11,2052,1.0,11,11,11,True,9581.732255465697,871.0665686786997,7028.732255465695,1830.0,341.0,382.0,5757.352966540542,3824.3792889251545,366,120,109,25,3,5,44,75,28
12,2053,1.0,10,10,10,True,6945.230455478558,694.5230455478558,5073.230455478558,1530.0,283.0,59.0,5635.769814993041,1309.4606404855167,306,13,3,25,1,0,13,22,19
13,2054,1.0,14,14,14,True,7692.161542891272,549.4401102065194,5662.161542891272,1645.0,306.0,79.0,5858.073485276314,1834.0880576149575,329,17,3,25,1,1,32,116,26
14,2055,1.0,10,10,10,True,6604.314538541721,660.4314538541721,4655.314538541721,1600.0,296.0,53.0,5606.848209613391,997.4663289283299,320,11,1,25,1,0,21,27,18
15,2056,1.0,13,13,13,True,7063.298828430524,543.3306791100403,5124.298828430524,1565.0,291.0,83.0,5610.9031863395085,1452.3956420910154,313,19,6,25,1,0,27,79,17
16,2057,1.0,14,14,14,True,7596.871038205606,542.6336455861148,5783.871038205607,1455.0,267.0,91.0,5662.9634349347425,1933.9076032708635,291,21,7,25,2,2,29,79,20
17,2058,1.0,13,13,13,True,7772.866373599652,597.912797969204,5882.866373599652,1530.0,280.0,80.0,5584.105482597007,2188.7608910026456,306,18,5,25,1,1,23,81,13
18,2059,1.0,12,12,12,True,6827.258852267337,568.9382376889447,4827.258852267339,1630.0,307.0,63.0,5631.345160480128,1195.9136917872092,326,13,1,25,1,0,23,75,13
19,2060,1.0,11,11,11,True,8043.2616389327495,731.2056035393408,5783.261638932751,1705.0,320.0,235.0,5800.971213666563,2242.2904252661865,341,71,60,25,1,2,26,65,8
20,2061,1.0,11,11,11,True,8295.577354090387,754.1433958263988,6038.577354090386,1715.0,316.0,226.0,5792.052350505945,2503.525003584442,343,68,57,25,1,3,30,66,40
21,2062,1.0,16,16,16,True,7282.750044293256,455.1718777683285,5572.750044293254,1365.0,250.0,95.0,5356.928589520612,1925.8214547726438,273,21,5,25,1,2,27,114,34
22,2063,1.0,10,10,10,True,7052.83264951911,705.2832649519111,5045.83264951911,1645.0,306.0,56.0,5765.994664299218,1286.8379852198923,329,12,2,25,0,0,19,36,19
23,2064,1.0,13,13,13,True,6654.149308084912,511.8576390834548,4891.149308084912,1420.0,263.0,80.0,5626.377938740016,1027.771369344896,284,18,5,25,1,0,28,53,19
24,2065,1.0,11,11,11,True,8188.126699532877,744.3751545029888,5809.126699532877,1840.0,343.0,196.0,5921.562657347145,2266.5640421857315,368,58,47,25,1,2,36,82,33
25,2066,1.0,16,16,16,True,6406.143212785906,400.38395079911913,4922.143212785906,1185.0,219.0,80.0,3979.9187098553166,2426.2245029305896,237,16,0,25,0,3,32,95,17
26,2067,1.0,13,13,13,True,6974.912938912809,536.5317645317546,5242.912938912809,1405.0,259.0,68.0,5529.89610042767,1445.0168384851395,281,14,1,25,0,1,24,50,50
27,2068,1.0,14,14,14,True,6873.213938440775,490.9438527457696,5150.213938440775,1390.0,257.0,76.0,5535.069670731442,1338.1442677093328,278,16,2,25,1,0,26,71,7
28,2069,1.0,12,12,12,True,6846.539004790184,570.5449170658486,4986.539004790184,1515.0,279.0,66.0,5518.725994325911,1327.8130104642723,303,14,2,25,1,0,17,61,18
29,2070,1.0,13,13,13,True,6596.430056401056,507.41769664623513,4910.430056401056,1370.0,251.0,65.0,5511.887441907925,1084.5426144931316,274,13,0,25,0,0,20,52,13
30,2071,1.0,12,12,12,True,7192.089046538697,599.3407538782247,5448.089046538697,1425.0,259.0,60.0,5555.277615935137,1636.8114306035604,285,12,0,25,0,1,14,46,3
31,2072,1.0,14,14,14,True,7448.339269141159,532.0242335100828,5578.339269141161,1505.0,277.0,88.0,5615.052665144271,1833.2866039968885,301,20,6,25,2,1,31,91,33
32,2073,1.0,12,12,12,True,6876.040444586201,573.0033703821834,4979.040444586201,1540.0,285.0,72.0,5734.721128169291,1141.3193164169106,308,16,4,25,1,0,25,57,15
33,2074,1.0,11,11,11,True,7855.871775383832,714.1701613985301,5673.871775383831,1780.0,332.0,70.0,5798.3633703544,2057.5084050294317,356,16,5,25,1,2,28,78,42
34,2075,1.0,13,13,13,True,7121.646160490606,547.8189354223543,5145.646160490606,1610.0,298.0,68.0,5663.178633099117,1458.467527391489,322,14,1,25,0,0,33,87,14
35,2076,1.0,15,15,15,True,7108.649290169648,473.90995267797655,5497.649290169648,1285.0,236.0,90.0,5237.368778012515,1871.2805121571337,257,20,5,25,2,1,34,64,32
36,2077,1.0,16,16,16,True,7045.832122784829,440.3645076740518,5429.832122784831,1265.0,232.0,119.0,4603.15209198412,2442.6800308007096,253,29,13,25,3,1,31,99,18
37,2078,1.0,14,14,14,True,7642.86120349539,545.9186573925278,5807.861203495389,1470.0,271.0,94.0,5621.650310800608,2021.2108926947822,294,22,8,25,1,1,35,76,39
38,2079,1.0,10,10,10,True,6798.459488870608,679.8459488870608,4717.459488870607,1700.0,316.0,65.0,5753.972137858443,1044.4873510121652,340,15,5,25,1,0,13,54,15
39,2080,1.0,16,16,16,True,7084.580632104459,442.7862895065287,5351.580632104459,1270.0,230.0,233.0,4661.4024099668195,2423.1782221376398,254,67,51,25,1,2,45,91,28
40,2081,1.0,14,14,14,True,7228.710686380202,516.3364775985858,5377.710686380202,1500.0,278.0,73.0,5536.4506551294535,1692.2600312507484,300,15,1,25,0,0,36,84,29
41,2082,1.0,10,10,10,True,8209.03430324608,820.903430324608,5961.034303246081,1715.0,318.0,215.0,5764.954913534083,2444.0793897119975,343,65,55,25,1,2,18,51,14
42,2083,1.0,12,12,12,True,6843.1042862714,570.2586905226167,5180.1042862714,1330.0,246.0,87.0,5290.407746242988,1552.6965400284125,266,21,9,25,2,0,15,21,21
43,2084,1.0,14,14,14,True,7031.610523935091,502.25789456679223,5282.610523935092,1400.0,258.0,91.0,5461.445083925748,1570.165440009343,280,21,7,25,1,1,25,70,23
44,2085,1.0,14,14,14,True,7353.020210907399,525.2157293505285,5598.020210907399,1405.0,259.0,91.0,5472.806178544192,1880.2140323632066,281,21,7,25,3,1,34,66,26
45,2086,1.0,12,12,12,True,6981.890792290806,581.8242326909004,5019.8907922908065,1590.0,297.0,75.0,5813.28167397692,1168.609118313886,318,17,5,25,1,0,36,56,21
46,2087,1.0,14,14,14,True,7192.976821603354,513.7840586859539,5435.976821603356,1400.0,257.0,100.0,5487.219821392162,1705.7570002111925,280,24,10,25,2,0,37,64,27
47,2088,1.0,11,11,11,True,7437.249851359789,676.1136228508899,5376.249851359789,1685.0,312.0,64.0,5827.7916652629565,1609.4581860968328,337,14,3,25,1,1,25,59,29
48,2089,1.0,16,16,16,True,6906.005077674682,431.62531735466763,5419.005077674681,1170.0,213.0,104.0,4512.111612730046,2393.8934649446364,234,24,8,25,2,2,33,82,34
49,2090,1.0,13,13,13,True,7688.973200502064,591.4594769616972,5670.973200502065,1640.0,304.0,74.0,5549.494397504746,2139.478802997318,328,16,3,25,2,1,39,87,8
50,2091,1.0,10,10,10,True,7275.554171744431,727.5554171744432,5087.55417174443,1785.0,335.0,68.0,5942.757837376574,1332.7963343678575,357,16,6,25,1,1,14,71,15
51,2092,1.0,16,16,16,True,6292.844193572368,393.302762098273,4932.844193572368,1070.0,195.0,95.0,4452.187683423251,1840.656510149117,214,21,5,25,1,1,37,62,22
52,2093,1.0,11,11,11,True,6928.047029099802,629.8224571908911,4855.047029099802,1690.0,316.0,67.0,5725.485046431786,1202.5619826680158,338,15,4,25,1,0,27,61,14
53,2094,1.0,15,15,15,True,6664.033351176809,444.268890078454,5041.03335117681,1295.0,235.0,93.0,5264.434957772364,1399.5983934044452,259,21,6,25,2,0,30,68,35
54,2095,1.0,11,11,11,True,8225.440366536259,747.7673060487508,5902.44036653626,1750.0,326.0,247.0,5880.100581250643,2345.339785285616,350,75,64,25,3,3,30,71,25
55,2096,1.0,16,16,16,True,7877.700384658748,492.35627404117173,6092.700384658749,1280.0,236.0,269.0,4763.188903877795,3114.5114807809523,256,79,63,25,1,3,50,82,8
56,2097,1.0,11,11,11,True,8356.129370188153,759.6481245625594,5687.129370188151,2075.0,389.0,205.0,6177.390280241488,2178.7390899466654,415,61,50,25,1,3,34,135,7
57,2098,1.0,11,11,11,True,7230.339838145545,657.303621649595,5075.339838145546,1740.0,330.0,85.0,5898.815201078572,1331.5246370669738,348,21,10,25,4,0,35,66,24
58,2099,1.0,13,13,13,True,7637.530691815037,587.502360908849,5525.530691815038,1725.0,322.0,65.0,5616.995176692652,2020.5355151223848,345,13,0,25,0,0,43,101,48
59,2100,1.0,16,16,16,True,7404.398950462919,462.77493440393243,5582.398950462921,1365.0,251.0,206.0,5233.713657419993,2170.685293042926,273,58,42,25,3,2,48,96,35
60,2101,1.0,12,12,12,True,6859.1216336539665,571.5934694711639,4903.1216336539665,1590.0,297.0,69.0,5748.731873618798,1110.3897600351684,318,15,3,25,0,0,20,70,15
61,2102,1.0,10,10,10,True,8159.844059787531,815.9844059787531,5807.84405978753,1765.0,330.0,257.0,5865.727909550446,2294.116150237084,353,79,69,25,2,3,24,59,19
62,2103,1.0,13,13,13,True,7173.636381828223,551.8181832175557,5289.636381828224,1535.0,284.0,65.0,5686.664898429003,1486.9714833992202,307,13,0,25,0,0,27,78,30
63,2104,1.0,14,14,14,True,6776.493167087594,484.0352262205424,5138.493167087593,1310.0,240.0,88.0,5299.089181947929,1477.4039851396647,262,20,6,25,1,0,20,58,28
64,2105,1.0,13,13,13,True,6812.279712172667,524.0215163209743,4968.279712172668,1500.0,276.0,68.0,5642.69281991707,1169.5868922555974,300,14,1,25,0,0,29,67,29
65,2106,1.0,11,11,11,True,7015.589245793935,637.7808405267214,5056.589245793935,1605.0,299.0,55.0,5637.974475843793,1377.6147699501425,321,11,0,25,0,0,25,45,28
66,2107,1.0,14,14,14,True,7040.905051095191,502.9217893639422,5261.905051095191,1430.0,264.0,85.0,5591.9433681971,1448.9616828980907,286,19,5,25,1,0,36,70,20
67,2108,1.0,16,16,16,True,7528.941598175167,470.55884988594795,5897.941598175166,1195.0,218.0,218.0,4088.9660115684824,3439.975586606685,239,62,46,25,2,5,43,81,40
68,2109,1.0,12,12,12,True,7114.254374116821,592.8545311764018,5228.254374116821,1540.0,286.0,60.0,5421.225047111108,1693.0293270057127,308,12,0,25,0,0,34,48,56
69,2110,1.0,15,15,15,True,8677.442423947345,578.4961615964896,6578.442423947344,1465.0,268.0,366.0,5423.590327905952,3253.8520960413925,293,112,97,25,3,4,52,85,41
70,2111,1.0,16,16,16,True,8884.104367792941,555.2565229870588,7095.104367792942,1125.0,209.0,455.0,3863.788298845649,5020.316068947292,225,141,125,25,4,6,31,82,28
71,2112,1.0,13,13,13,True,7437.750278743908,572.1346368264544,5675.750278743909,1425.0,263.0,74.0,5349.479379723374,2088.2708990205338,285,16,3,25,0,1,30,50,12
72,2113,1.0,16,16,16,True,6181.672662861944,386.3545414288715,4814.672662861944,1065.0,195.0,107.0,3744.5159924325867,2437.1566704293577,213,25,9,25,2,2,40,67,18
73,2114,1.0,11,11,11,True,6586.345449330396,598.7586772118542,4819.345449330396,1445.0,267.0,55.0,5343.365251010027,1242.9801983203688,289,11,0,25,0,0,6,36,7
74,2115,1.0,13,13,13,True,6604.645943080955,508.0496879293042,4774.6459430809555,1480.0,276.0,74.0,5603.340905779834,1001.3050373011201,296,16,3,25,1,0,23,67,23
75,2116,1.0,10,10,10,True,8198.599524764164,819.8599524764164,5793.599524764164,1810.0,338.0,257.0,5799.551440213381,2399.0480845507827,362,79,69,25,3,2,25,66,8
76,2117,1.0,11,11,11,True,6958.314534258931,632.5740485689938,4920.314534258931,1670.0,310.0,58.0,5884.15931474125,1074.1552195176819,334,12,1,25,0,0,19,67,7
77,2118,1.0,11,11,11,True,6680.112378172501,607.2829434702273,4645.112378172502,1660.0,308.0,67.0,5860.399116200743,819.7132619717577,332,15,4,25,1,0,18,62,26
78,2119,1.0,16,16,16,True,7525.697618831105,470.35610117694404,5855.697618831106,1335.0,249.0,86.0,4435.290971247458,3090.406647583646,267,18,2,25,2,4,40,107,30
79,2120,1.0,16,16,16,True,9094.59427838763,568.4121423992269,7028.594278387628,1520.0,283.0,263.0,5369.835236748605,3724.759041639026,304,77,61,25,2,5,53,120,44
80,2121,1.0,11,11,11,True,6410.099429529072,582.7363117753702,4387.099429529073,1650.0,309.0,64.0,5707.422270997242,702.6771585318302,330,14,3,25,1,0,14,67,15
81,2122,1.0,10,10,10,True,6568.6378232924,656.8637823292399,4750.637823292401,1480.0,273.0,65.0,5686.403154333925,882.2346689584747,296,15,5,25,1,0,12,14,12
82,2123,1.0,16,16,16,True,6107.987325829743,381.74920786435894,4609.987325829745,1170.0,212.0,116.0,4505.718019398302,1602.2693064314408,234,28,12,25,3,1,31,84,28
83,2124,1.0,12,12,12,True,7512.224379333644,626.0186982778037,5499.224379333644,1635.0,306.0,72.0,5750.22171959964,1762.0026597340038,327,16,4,25,1,1,29,71,17
84,2125,1.0,15,15,15,True,6720.775954283401,448.05173028556004,4962.775954283402,1415.0,262.0,81.0,5390.486420724169,1330.289533559232,283,17,2,25,0,0,35,89,29
85,2126,1.0,15,15,15,True,7692.569362241844,512.8379574827896,5824.569362241844,1345.0,247.0,276.0,5540.771644458654,2151.79771778319,269,82,67,25,1,2,25,87,40
86,2127,1.0,13,13,13,True,6285.157136285225,483.4736258680942,4472.157136285226,1460.0,270.0,83.0,5803.396635128935,481.76050115629005,292,19,6,25,2,0,18,68,15
87,2128,1.0,14,14,14,True,7298.413165482723,521.3152261059088,5306.4131654827215,1600.0,298.0,94.0,5759.829414750282,1538.5837507324413,320,22,8,25,1,0,33,107,37
88,2129,1.0,14,14,14,True,8243.395420167222,588.813958583373,6073.39542016722,1645.0,305.0,220.0,5681.845780289521,2561.5496398777013,329,64,50,25,3,2,57,94,22
89,2130,1.0,10,10,10,True,7480.523253362559,748.052325336256,5325.523253362559,1660.0,307.0,188.0,5586.1763917482485,1894.346861614311,332,56,46,25,1,2,21,42,15
90,2131,1.0,12,12,12,True,7932.2087535698465,661.0173961308205,5907.2087535698465,1650.0,309.0,66.0,5674.733589937769,2257.475163632078,330,14,2,25,0,1,26,75,42
91,2132,1.0,16,16,16,True,8474.600887268956,529.6625554543098,6573.600887268956,1395.0,258.0,248.0,4620.687360081405,3853.913527187551,279,72,56,25,1,7,40,121,40
92,2133,1.0,15,15,15,True,6938.074282832527,462.5382855221685,5260.074282832527,1350.0,250.0,78.0,5316.577445960609,1621.4968368719183,270,16,1,25,1,0,41,73,34
93,2134,1.0,12,12,12,True,6737.498253686885,561.4581878072404,4858.498253686885,1525.0,285.0,69.0,5614.203922416346,1123.2943312705384,305,15,3,25,0,0,26,48,25
94,2135,1.0,15,15,15,True,7002.60969203159,466.8406461354394,5344.60969203159,1320.0,242.0,96.0,5447.100225062529,1555.5094669690616,264,22,7,25,1,1,29,76,34
95,2136,1.0,16,16,16,True,6813.645224951052,425.85282655944076,5401.645224951055,1125.0,204.0,83.0,4235.533217293769,2578.1120076572834,225,17,1,25,0,2,35,76,26
96,2137,1.0,13,13,13,True,6555.879060473336,504.2983892671797,4777.879060473336,1445.0,265.0,68.0,5928.233020079256,627.64604039408,289,14,1,25,0,0,21,62,43
97,2138,1.0,15,15,15,True,6747.58257617858,449.83883841190533,5215.582576178581,1215.0,221.0,96.0,5377.992698233289,1369.589877945291,243,22,7,25,2,0,24,61,26
98,2139,1.0,12,12,12,True,6675.1318436069,556.2609869672416,4882.1318436069,1465.0,268.0,60.0,5726.947139466107,948.1847041407927,293,12,0,25,0,0,20,48,12
99,2140,1.0,14,14,14,True,6907.823716777466,493.415979769819,5116.823716777464,1450.0,268.0,73.0,5498.334167440726,1409.4895493367403,290,15,1,25,0,0,29,79,27
100,2141,1.0,16,16,16,True,7930.748029764055,495.67175186025344,6341.748029764055,1275.0,231.0,83.0,4852.7726582599025,3077.9753715041525,255,17,1,25,1,5,36,97,25
