case_id,case_name,seed,directional_probability,source_count,directional_count,omnidirectional_count,confirmed_directional_count,cleared_count,success,total_time_s,68602.06921,movement_time_s,measurement_time_s,switching_time_s,clearing_time_s,survey_time_s,localization_time_s,measurement_count,clear_attempt_count,failed_clear_count,survey_station_count,grid_fallback_count,probe_no_signal_count,directional_block_count,range_no_signal_count,skipped_impossible_remeasure_count,survey_remeasure_count,survey_inserted_clear_count,survey_localized_skip_count,finish_shared_remeasure_count,directional_constraint_count,directional_probe_reorder_count,weak_unknown_marked_count,weak_unknown_survey_skip_count,weak_unknown_final_probe_count,weak_unknown_recovered_count,category,wall_time_s
1,随机 seed=42,42,1,10,10,0,1,10,TRUE,5929.528785,592.9528785,4136.528785,1470,273,50,5929.528785,0,294,10,0,21,0,0,11,53,7,19,10,24,0,1,0,0,0,0,0,all_directional,2.0886722
2,随机 seed=43,43,1,13,13,0,6,13,TRUE,6336.165415,487.3973396,4795.165415,1240,230,71,5918.010495,418.1549207,248,15,2,21,0,0,16,57,18,37,10,24,0,7,0,0,0,0,0,all_directional,2.3067875
3,随机 seed=44,44,1,14,14,0,1,14,TRUE,6185.508307,441.8220219,4691.508307,1200,221,73,6072.652041,112.856266,240,15,1,21,0,0,18,67,18,25,13,48,0,1,0,0,0,0,0,all_directional,2.1378335
4,随机 seed=45,45,1,16,16,0,6,16,TRUE,6298.290943,393.6431839,4943.290943,1070,196,89,6008.953153,289.3377891,214,19,3,20,0,2,33,66,17,37,14,15,1,6,0,0,0,0,0,all_directional,2.4141165
5,随机 seed=46,46,1,13,13,0,3,13,TRUE,6448.461307,496.0354851,4839.388873,1240,233,64,6296.159957,152.3013497,248,14,3,21,2,0,22,52,11,26,11,55,0,3,0,0,0,0,0,all_directional,2.6989045
6,随机 seed=47,47,1,10,10,0,4,10,TRUE,6304.917525,630.4917525,4419.093463,1460,274,49,6304.917525,0,292,11,3,21,2,0,16,43,0,26,10,42,0,4,0,0,0,0,0,all_directional,1.7875389
7,随机 seed=48,48,1,10,10,0,2,10,TRUE,6791.659476,679.1659476,4907.25701,1535,287,48,6623.399055,168.2604212,307,10,1,21,1,0,25,51,14,19,9,4,0,2,0,0,0,0,0,all_directional,1.3142783
8,随机 seed=49,49,1,10,10,0,2,10,TRUE,6770.417095,677.0417095,4857.770386,1550,291,51,6354.588106,415.828989,310,11,2,21,1,0,18,59,11,19,8,22,0,3,0,0,0,0,0,all_directional,1.5167083
9,随机 seed=50,50,1,15,15,0,1,15,TRUE,6801.066456,453.4044304,5216.9672,1255,231,73,6538.92678,262.1396767,251,15,1,21,1,0,31,85,18,26,14,30,0,2,0,0,0,0,0,all_directional,1.8179339
10,随机 seed=51,51,1,12,12,0,5,12,TRUE,7096.162735,591.3468946,5308.233368,1450,268,58,6842.261606,253.9011294,290,12,1,21,1,0,29,67,23,32,11,23,0,6,0,0,0,0,0,all_directional,1.7801075
11,随机 seed=52,52,1,16,16,0,4,16,TRUE,6061.99203,378.8745019,4555.827547,965,175,77,4813.358163,1248.633867,193,17,4,18,3,3,29,57,20,36,9,77,5,5,5,0,0,0,0,all_directional,3.3796913
12,随机 seed=53,53,1,15,15,0,3,15,TRUE,6027.202567,401.8135045,4647.343009,1050,192,71,6027.202567,0,210,15,2,21,2,0,18,54,33,35,15,29,0,3,0,0,0,0,0,all_directional,2.3585797
13,随机 seed=54,54,1,12,12,0,3,12,TRUE,6397.518905,533.1265754,4795.775825,1255,233,58,6397.518905,0,251,12,1,21,1,0,20,38,20,23,12,27,0,3,0,0,0,0,0,all_directional,1.8376204
14,随机 seed=55,55,1,16,16,0,5,16,TRUE,6361.77816,397.611135,4905.895309,1070,196,76,5306.620432,1055.157728,214,16,2,18,2,6,37,72,30,35,13,18,5,8,4,0,0,0,0,all_directional,2.069413
15,随机 seed=56,56,1,12,12,0,2,12,TRUE,6467.574287,538.9645239,4644.497029,1450,273,61,6252.585042,214.9892452,290,13,2,21,1,0,16,81,15,21,10,70,0,3,0,0,0,0,0,all_directional,2.0348853
16,随机 seed=57,57,1,10,10,0,0,10,TRUE,6341.359977,634.1359977,4430.359977,1565,293,53,6182.156396,159.203581,313,11,1,21,0,0,12,70,7,19,9,12,0,0,0,0,0,0,0,all_directional,1.457649
17,随机 seed=58,58,1,13,13,0,2,13,TRUE,6243.553831,480.2733716,4805.366143,1155,211,63,5930.821731,312.7321003,231,13,1,21,1,0,22,34,11,26,12,42,0,2,0,0,0,0,0,all_directional,2.3940585
18,随机 seed=59,59,1,15,15,0,1,15,TRUE,6616.987266,441.1324844,5183.221879,1065,195,77,6123.571554,493.4157114,213,17,4,21,2,2,28,48,20,28,14,22,0,1,0,0,0,0,0,all_directional,2.0974305
19,随机 seed=60,60,1,11,11,0,3,11,TRUE,6437.523864,585.2294422,4815.523864,1320,244,58,6437.523864,0,264,12,1,21,0,0,17,35,23,28,11,24,0,3,0,0,0,0,0,all_directional,2.0173782
20,随机 seed=61,61,1,12,12,0,1,12,TRUE,6788.861878,565.7384898,5022.414205,1385,258,61,6223.065007,565.7968705,277,13,2,21,1,1,19,64,23,22,11,16,0,1,0,0,0,0,0,all_directional,1.6968273
21,随机 seed=62,62,1,13,13,0,5,13,TRUE,7155.797758,550.4459814,5253.152143,1440,271,62,7155.797758,0,288,14,4,21,3,0,28,85,7,38,13,21,0,6,0,0,0,0,0,all_directional,1.6894552
22,随机 seed=63,63,1,13,13,0,5,13,TRUE,6457.941044,496.7646957,4911.941044,1245,230,71,6302.31331,155.6277336,249,15,2,21,0,0,21,52,19,33,12,26,0,5,0,0,0,0,0,all_directional,1.7523747
23,随机 seed=64,64,1,13,13,0,2,13,TRUE,6467.784447,497.5218806,4873.784447,1290,239,65,6138.282918,329.5015297,258,13,0,21,0,0,22,62,15,26,11,44,1,2,0,0,0,0,0,all_directional,2.4962882
24,随机 seed=65,65,1,11,11,0,2,11,TRUE,7468.709202,678.9735638,5651.709202,1480,276,61,6318.049877,1150.659325,296,13,2,21,0,2,23,58,37,18,8,36,1,2,0,0,0,0,0,all_directional,1.9922874
25,随机 seed=66,66,1,16,16,0,1,16,TRUE,4790.404109,299.4002568,3730.456835,805,148,78,2893.379954,1897.024156,161,16,1,12,1,4,25,55,3,22,4,56,4,3,0,0,0,0,0,all_directional,4.3322424
26,随机 seed=67,67,1,15,15,0,3,15,TRUE,6862.982244,457.5321496,5451.925198,1125,205,73,5910.886922,952.0953223,225,15,1,21,1,0,31,58,45,43,11,10,0,3,0,0,0,0,0,all_directional,2.2080463
27,随机 seed=68,68,1,13,13,0,1,13,TRUE,6524.994202,501.9226309,5026.462405,1170,215,63,6524.994202,0,234,13,1,21,1,0,16,43,27,31,13,5,0,1,0,0,0,0,0,all_directional,1.9532123
28,随机 seed=69,69,1,10,10,0,3,10,TRUE,7092.900217,709.2900217,5196.900217,1550,290,56,6294.024768,798.8754497,310,12,2,21,0,0,21,57,22,23,8,12,0,3,0,0,0,0,0,all_directional,1.4004686
29,随机 seed=70,70,1,14,14,0,3,14,TRUE,6462.058354,461.5755967,5052.754077,1085,202,66,6462.058354,0,217,14,2,21,2,0,23,39,31,35,14,28,0,3,0,0,0,0,0,all_directional,2.2218979
30,随机 seed=71,71,1,16,16,0,1,16,TRUE,5770.314944,360.644684,4535.181658,925,170,76,4802.433364,967.8815804,185,16,2,17,2,2,19,70,14,31,11,57,2,1,0,0,0,0,0,all_directional,2.807272
31,随机 seed=72,72,1,16,16,0,3,16,TRUE,7116.900229,444.8062643,5407.48353,1265,233,77,5012.911363,2103.988867,253,17,4,17,3,10,41,108,12,19,7,41,11,4,0,0,0,0,0,all_directional,2.4846351
32,随机 seed=73,73,1,15,15,0,3,15,TRUE,6077.891413,405.1927609,4775.716283,1025,185,73,5736.035494,341.855919,205,15,1,21,1,1,25,45,24,30,14,11,0,3,1,0,0,0,0,all_directional,2.2542566
33,随机 seed=74,74,1,11,11,0,1,11,TRUE,5620.304989,510.9368172,4053.304989,1270,236,61,5425.93714,194.3678489,254,13,2,21,0,0,9,31,14,18,10,16,0,1,0,0,0,0,0,all_directional,1.9953311
34,随机 seed=75,75,1,14,14,0,5,14,TRUE,7224.39085,516.0279179,5630.39085,1280,235,79,6176.397768,1047.993082,256,17,3,21,0,2,24,73,28,42,10,22,1,8,7,0,0,0,0,all_directional,2.255224
35,随机 seed=76,76,1,13,13,0,1,13,TRUE,7031.481428,540.8831867,4797.521499,1215,221,60,5659.246577,1372.234851,243,12,0,21,1,4,15,53,33,28,10,47,2,1,0,0,0,0,0,all_directional,2.490386
36,随机 seed=77,77,1,10,10,0,2,10,TRUE,6398.868451,639.8868451,4544.868451,1520,284,50,6024.290738,374.5777127,304,10,0,21,0,0,22,51,24,28,8,16,0,2,0,0,0,0,0,all_directional,1.4791665
37,随机 seed=78,78,1,15,15,0,4,15,TRUE,6934.234647,462.2823098,5428.168566,1135,211,74,5353.913367,1580.32128,227,16,3,21,2,2,22,68,37,41,10,51,1,5,11,0,0,0,0,all_directional,2.6592078
38,随机 seed=79,79,1,10,10,0,1,10,TRUE,6199.243424,619.9243424,4443.243424,1435,268,53,5924.883139,274.3602854,287,11,1,21,0,0,16,40,18,20,8,37,0,1,0,0,0,0,0,all_directional,1.6737919
39,随机 seed=80,80,1,16,16,0,3,16,TRUE,5439.480639,339.9675399,4392.620434,815,143,81,3869.428083,1570.052556,163,17,2,13,1,4,30,47,15,23,8,48,7,4,0,0,0,0,0,all_directional,3.742927
40,随机 seed=81,81,1,10,10,0,2,10,TRUE,7274.858039,727.4858039,5384.858039,1550,290,50,6065.481667,1209.376373,310,10,0,21,0,0,21,58,42,22,7,13,0,2,0,0,0,0,0,all_directional,1.3484744
41,随机 seed=82,82,1,15,15,0,3,15,TRUE,6221.103113,414.7402075,4842.404567,1090,197,73,5806.948273,414.1548396,218,15,1,21,1,1,26,56,41,29,14,32,0,4,0,0,0,0,0,all_directional,2.0987701
42,随机 seed=83,83,1,15,15,0,4,15,TRUE,6891.388962,459.4259308,4780.077204,1090,201,71,5975.605532,915.7834305,218,15,2,21,2,2,23,59,22,27,14,41,0,4,0,0,0,0,0,all_directional,2.7433381
43,随机 seed=84,84,1,14,14,0,3,14,TRUE,6527.147855,466.2248468,5002.0811,1150,213,69,6044.525381,482.6224748,230,15,3,21,2,0,22,50,31,37,13,32,0,4,1,0,0,0,0,all_directional,2.4690512
44,随机 seed=85,85,1,14,14,0,4,14,TRUE,7243.478089,517.3912921,5677.478089,1265,231,70,6030.126428,1213.351662,253,14,0,21,0,1,28,70,30,37,11,21,0,6,0,0,0,0,0,all_directional,2.2801993
45,随机 seed=86,86,1,16,16,0,5,16,TRUE,6967.545215,435.4715759,5474.545215,1195,218,80,5526.052099,1441.493116,239,16,0,20,0,6,30,94,42,38,10,31,9,5,2,0,0,0,0,all_directional,2.3370382
46,随机 seed=87,87,1,14,14,0,2,14,TRUE,6868.961008,490.640072,5277.961008,1280,238,73,6119.147518,749.8134897,256,15,1,21,0,0,22,78,14,34,12,25,0,2,0,0,0,0,0,all_directional,2.0311321
47,随机 seed=88,88,1,13,13,0,6,13,TRUE,8089.323958,622.2556891,5660.871407,1355,251,59,6146.387756,1942.936202,271,13,3,21,3,5,31,66,29,39,10,14,2,6,7,0,0,0,0,all_directional,1.7582816
48,随机 seed=89,89,1,16,16,0,3,16,TRUE,5448.250505,340.5156565,4232.464188,785,143,76,3378.656791,2069.593714,157,16,2,12,2,5,26,45,20,38,8,41,6,3,0,0,0,0,0,all_directional,3.2957498
49,随机 seed=90,90,1,14,14,0,4,14,TRUE,6743.89499,481.706785,5307.89499,1155,211,70,5993.138726,750.7562638,231,14,0,21,0,0,21,55,17,31,11,30,0,4,0,0,0,0,0,all_directional,2.2723361
50,随机 seed=91,91,1,15,15,0,2,15,TRUE,6766.330528,451.0887019,5316.650269,1135,208,73,6059.107975,707.2225533,227,15,1,21,1,0,22,70,17,32,13,36,0,3,0,0,0,0,0,all_directional,2.5954844
1,随机 seed=42,42,0,10,0,10,0,10,TRUE,5436.458262,543.6458262,3871.458262,1280,235,50,5436.458262,0,256,10,0,21,0,0,0,26,3,18,10,53,0,0,0,0,0,0,0,all_omnidirectional,2.5438667
2,随机 seed=43,43,0,13,0,13,0,13,TRUE,5411.92352,416.3018092,4077.92352,1065,195,74,5411.92352,0,213,16,3,21,0,0,0,37,7,17,13,34,0,0,0,0,0,0,0,all_omnidirectional,2.9577045
3,随机 seed=44,44,0,14,0,14,0,14,TRUE,5332.332243,380.8808745,4090.332243,990,179,73,5261.231127,71.10111655,198,15,1,21,0,0,0,42,0,18,13,78,0,0,0,0,0,0,0,all_omnidirectional,4.0424152
4,随机 seed=45,45,0,16,0,16,0,16,TRUE,4751.580198,296.9737624,3806.580198,725,131,89,3956.890607,794.6895917,145,19,3,15,0,0,0,49,0,22,11,72,2,0,0,0,0,0,0,all_omnidirectional,4.3464024
5,随机 seed=46,46,0,13,0,13,0,13,TRUE,5441.845258,418.6034814,4111.845258,1065,197,68,5441.845258,0,213,14,1,21,0,0,0,39,20,24,13,58,0,0,0,0,0,0,0,all_omnidirectional,3.3430757
6,随机 seed=47,47,0,10,0,10,0,10,TRUE,5586.209945,558.6209945,3816.209945,1435,270,65,5586.209945,0,287,15,5,21,0,0,0,51,15,17,10,41,0,0,0,0,0,0,0,all_omnidirectional,1.7214136
7,随机 seed=48,48,0,10,0,10,0,10,TRUE,5568.527722,556.8527722,4043.527722,1240,229,56,5568.527722,0,248,12,2,21,0,0,0,15,20,14,10,19,0,0,0,0,0,0,0,all_omnidirectional,2.0395525
8,随机 seed=49,49,0,10,0,10,0,10,TRUE,5660.826389,566.0826389,4023.826389,1340,247,50,5660.826389,0,268,10,0,21,0,0,0,34,17,19,10,31,0,0,0,0,0,0,0,all_omnidirectional,1.7333809
9,随机 seed=50,50,0,15,0,15,0,15,TRUE,5435.016855,362.334457,4111.016855,1055,191,78,5435.016855,0,211,16,1,21,0,0,0,74,18,23,15,56,0,0,0,0,0,0,0,all_omnidirectional,2.675915
10,随机 seed=51,51,0,12,0,12,0,12,TRUE,5593.592335,466.1326946,4168.592335,1145,211,69,5593.592335,0,229,15,3,21,0,0,0,31,9,18,12,46,0,0,0,0,0,0,0,all_omnidirectional,2.8049929
11,随机 seed=52,52,0,16,0,16,0,16,TRUE,3108.262519,194.2664075,2486.262519,445,82,95,1818.223743,1290.038777,89,21,5,8,0,0,0,22,3,17,6,41,1,0,0,0,0,0,0,all_omnidirectional,4.1208692
12,随机 seed=53,53,0,15,0,15,0,15,TRUE,5179.667835,345.311189,4046.667835,885,161,87,5179.667835,0,177,19,4,21,0,0,0,35,9,24,15,86,0,0,0,0,0,0,0,all_omnidirectional,4.1825104
13,随机 seed=54,54,0,12,0,12,0,12,TRUE,5431.378129,452.6148441,4057.378129,1105,203,66,5431.378129,0,221,14,2,21,0,0,0,25,7,18,12,57,0,0,0,0,0,0,0,all_omnidirectional,2.8341752
14,随机 seed=55,55,0,16,0,16,0,16,TRUE,3947.663355,246.7289597,3091.663355,650,117,89,3252.521973,695.1413817,130,19,3,13,0,0,0,44,18,31,9,43,2,0,0,0,0,0,0,all_omnidirectional,3.4652012
15,随机 seed=56,56,0,12,0,12,0,12,TRUE,5249.753625,437.4794687,3824.753625,1155,210,60,5249.753625,0,231,12,0,21,0,0,0,38,30,25,12,46,0,0,0,0,0,0,0,all_omnidirectional,2.1836166
16,随机 seed=57,57,0,10,0,10,0,10,TRUE,5524.03284,552.403284,3866.03284,1350,252,56,5524.03284,0,270,12,2,21,0,0,0,38,0,18,10,21,0,0,0,0,0,0,0,all_omnidirectional,1.7330721
17,随机 seed=58,58,0,13,0,13,0,13,TRUE,5391.395945,414.722765,4067.395945,1060,193,71,5391.395945,0,212,15,2,21,0,0,0,35,5,24,13,65,0,0,0,0,0,0,0,all_omnidirectional,4.2108942
18,随机 seed=59,59,0,15,0,15,0,15,TRUE,5291.909474,352.7939649,4254.909474,815,144,78,5291.909474,0,163,16,1,21,0,0,0,26,10,21,15,65,0,0,0,0,0,0,0,all_omnidirectional,4.1520013
19,随机 seed=60,60,0,11,0,11,0,11,TRUE,5566.076251,506.0069319,4062.076251,1225,224,55,5566.076251,0,245,11,0,21,0,0,0,34,0,16,11,36,0,0,0,0,0,0,0,all_omnidirectional,2.2190765
20,随机 seed=61,61,0,12,0,12,0,12,TRUE,5505.705226,458.8087688,4087.705226,1140,209,69,5505.705226,0,228,15,3,21,0,0,0,33,6,19,12,29,0,0,0,0,0,0,0,all_omnidirectional,2.2989267
21,随机 seed=62,62,0,13,0,13,0,13,TRUE,5470.041314,420.7724087,4164.041314,1045,190,71,5470.041314,0,209,15,2,21,0,0,0,33,0,22,13,56,0,0,0,0,0,0,0,all_omnidirectional,3.0509124
22,随机 seed=63,63,0,13,0,13,0,13,TRUE,5642.277884,434.0213757,4368.277884,1025,184,65,5642.277884,0,205,13,0,21,0,0,0,31,22,25,13,34,0,0,0,0,0,0,0,all_omnidirectional,2.7048628
23,随机 seed=64,64,0,13,0,13,0,13,TRUE,5707.638501,439.0491154,4241.638501,1180,218,68,5707.638501,0,236,14,1,21,0,0,0,60,9,21,13,30,0,0,0,0,0,0,0,all_omnidirectional,2.6018212
24,随机 seed=65,65,0,11,0,11,0,11,TRUE,5622.537584,511.1397803,4034.537584,1285,239,64,5622.537584,0,257,14,3,21,0,0,0,43,9,17,11,35,0,0,0,0,0,0,0,all_omnidirectional,2.5303114
25,随机 seed=66,66,0,16,0,16,0,16,TRUE,4547.651632,284.228227,3481.651632,830,153,83,3545.895246,1001.756386,166,17,1,14,0,1,0,80,24,24,10,32,4,0,0,0,0,0,0,all_omnidirectional,2.7383148
26,随机 seed=67,67,0,15,0,15,0,15,TRUE,4969.746511,331.3164341,3985.746511,775,134,75,4969.746511,0,155,15,0,21,0,0,0,19,15,29,15,67,0,0,0,0,0,0,0,all_omnidirectional,4.2967086
27,随机 seed=68,68,0,13,0,13,0,13,TRUE,5437.911649,418.3008961,4158.911649,1020,185,74,5437.911649,0,204,16,3,21,0,0,0,27,28,25,13,26,0,0,0,0,0,0,0,all_omnidirectional,2.5033308
28,随机 seed=69,69,0,10,0,10,0,10,TRUE,5554.238504,555.4238504,3944.238504,1310,244,56,5554.238504,0,262,12,2,21,0,0,0,29,6,16,10,60,0,0,0,0,0,0,0,all_omnidirectional,2.2620439
29,随机 seed=70,70,0,14,0,14,0,14,TRUE,5161.12362,368.6516872,4039.12362,885,161,76,5161.12362,0,177,16,2,21,0,0,0,21,3,26,14,50,0,0,0,0,0,0,0,all_omnidirectional,3.5101587
30,随机 seed=71,71,0,16,0,16,0,16,TRUE,4640.06278,290.0039238,3570.06278,825,153,92,3521.604974,1118.457806,165,20,4,14,0,0,0,74,17,24,7,57,3,0,0,0,0,0,0,all_omnidirectional,4.2027712
31,随机 seed=72,72,0,16,0,16,0,16,TRUE,4483.201743,280.2001089,3533.201743,730,131,89,3941.981618,541.2201244,146,19,3,16,0,0,0,46,13,24,12,61,0,0,0,0,0,0,0,all_omnidirectional,4.74215
32,随机 seed=73,73,0,15,0,15,0,15,TRUE,5265.222294,351.0148196,4233.222294,810,144,78,5265.222294,0,162,16,1,21,0,0,0,25,6,21,15,54,0,0,0,0,0,0,0,all_omnidirectional,4.6702489
33,随机 seed=74,74,0,11,0,11,0,11,TRUE,5333.268384,484.8425804,3882.268384,1180,216,55,5333.268384,0,236,11,0,21,0,0,0,24,9,20,11,39,0,0,0,0,0,0,0,all_omnidirectional,2.3430013
34,随机 seed=75,75,0,14,0,14,0,14,TRUE,5252.749114,375.1963653,3921.749114,1055,194,82,5252.749114,0,211,18,4,21,0,0,0,52,25,28,14,35,0,0,0,0,0,0,0,all_omnidirectional,2.3919024
35,随机 seed=76,76,0,13,0,13,0,13,TRUE,5275.846239,405.8343261,4057.846239,975,175,68,5275.846239,0,195,14,1,21,0,0,0,20,3,17,13,45,0,0,0,0,0,0,0,all_omnidirectional,3.4133107
36,随机 seed=77,77,0,10,0,10,0,10,TRUE,5546.173233,554.6173233,3937.173233,1310,243,56,5546.173233,0,262,12,2,21,0,0,0,28,0,16,10,29,0,0,0,0,0,0,0,all_omnidirectional,2.0859515
37,随机 seed=78,78,0,15,0,15,0,15,TRUE,5070.364027,338.0242684,3864.364027,945,174,87,5070.364027,0,189,19,4,21,0,0,0,50,28,28,15,43,0,0,0,0,0,0,0,all_omnidirectional,2.9308377
38,随机 seed=79,79,0,10,0,10,0,10,TRUE,5550.671465,555.0671465,3931.671465,1320,246,53,5550.671465,0,264,11,1,21,0,0,0,33,0,15,10,53,0,0,0,0,0,0,0,all_omnidirectional,2.4499327
39,随机 seed=80,80,0,16,0,16,0,16,TRUE,3144.889558,196.5555974,2552.889558,430,79,83,1470.939985,1673.949573,86,17,1,6,0,2,0,28,2,27,5,18,6,0,0,0,0,0,0,all_omnidirectional,3.1095846
40,随机 seed=81,81,0,10,0,10,0,10,TRUE,5463.856315,546.3856315,3873.856315,1300,240,50,5463.856315,0,260,10,0,21,0,0,0,30,3,17,10,59,0,0,0,0,0,0,0,all_omnidirectional,2.3805532
41,随机 seed=82,82,0,15,0,15,0,15,TRUE,5137.168669,342.4779112,3930.168669,955,174,78,5137.168669,0,191,16,1,21,0,0,0,53,11,24,15,78,0,0,0,0,0,0,0,all_omnidirectional,3.8577632
42,随机 seed=83,83,0,15,0,15,0,15,TRUE,5224.880431,348.325362,4033.880431,940,170,81,5224.880431,0,188,17,2,21,0,0,0,50,24,31,15,55,0,0,0,0,0,0,0,all_omnidirectional,3.9048554
43,随机 seed=84,84,0,14,0,14,0,14,TRUE,5147.750957,367.6964969,3959.750957,935,171,82,5147.750957,0,187,18,4,21,0,0,0,28,3,25,14,40,0,0,0,0,0,0,0,all_omnidirectional,3.2197715
44,随机 seed=85,85,0,14,0,14,0,14,TRUE,5051.369248,360.8120892,3889.369248,920,166,76,4884.935097,166.4341516,184,16,2,21,0,0,0,26,3,22,12,119,0,0,0,0,0,0,0,all_omnidirectional,4.8433533
45,随机 seed=86,86,0,16,0,16,0,16,TRUE,4065.398731,254.0874207,3261.398731,605,113,86,2094.231317,1971.167414,121,18,2,9,0,0,0,51,0,21,6,28,0,0,0,0,0,0,0,all_omnidirectional,2.7305414
46,随机 seed=87,87,0,14,0,14,0,14,TRUE,5459.471565,389.9622547,4187.471565,1015,184,73,5459.471565,0,203,15,1,21,0,0,0,48,14,22,14,40,0,0,0,0,0,0,0,all_omnidirectional,2.9210101
47,随机 seed=88,88,0,13,0,13,0,13,TRUE,5346.750299,411.2884845,4022.750299,1060,193,71,5346.750299,0,212,15,2,21,0,0,0,37,11,22,13,45,0,0,0,0,0,0,0,all_omnidirectional,2.935676
48,随机 seed=89,89,0,16,0,16,0,16,TRUE,4313.039069,269.5649418,3463.039069,645,116,89,3690.394576,622.6444931,129,19,3,14,0,0,0,35,20,26,13,48,0,0,0,0,0,0,0,all_omnidirectional,3.8374824
49,随机 seed=90,90,0,14,0,14,0,14,TRUE,5514.737719,393.9098371,4050.737719,1170,215,79,5514.737719,0,234,17,3,21,0,0,0,77,7,19,14,78,0,0,0,0,0,0,0,all_omnidirectional,3.2490037
50,随机 seed=91,91,0,15,0,15,0,15,TRUE,5036.978495,335.7985663,3994.978495,820,144,78,5036.978495,0,164,16,1,21,0,0,0,28,11,19,15,72,0,0,0,0,0,0,0,all_omnidirectional,4.0836628
1,随机 seed=42,42,0.5,10,5,5,0,10,TRUE,5613.488286,561.3488286,3982.488286,1335,246,50,5464.381292,149.1069941,267,10,0,21,0,0,3,34,11,20,9,45,0,0,0,0,0,0,0,forced_mixed,2.3334994
2,随机 seed=43,43,0.5,13,7,6,4,13,TRUE,6221.796821,478.5997555,4716.796821,1210,224,71,5964.341086,257.4557347,242,15,2,21,0,0,13,54,8,31,11,39,0,5,0,0,0,0,0,forced_mixed,2.2136796
3,随机 seed=44,44,0.5,14,8,6,0,14,TRUE,5898.605298,421.3289499,4511.382314,1090,198,68,5898.605298,0,218,14,1,21,1,0,11,52,0,17,14,57,0,0,0,0,0,0,0,forced_mixed,3.0966413
4,随机 seed=45,45,0.5,16,9,7,3,16,TRUE,6174.742342,385.9213964,4979.742342,940,169,86,4995.663093,1179.079249,188,18,2,19,0,4,25,53,14,29,13,50,2,3,0,0,0,0,0,forced_mixed,3.5108615
5,随机 seed=46,46,0.5,13,7,6,1,13,TRUE,5611.942024,431.687848,4257.942024,1085,201,68,5611.942024,0,217,14,1,21,0,0,8,34,33,30,13,54,0,1,0,0,0,0,0,forced_mixed,2.8021495
6,随机 seed=47,47,0.5,10,6,4,3,10,TRUE,6108.4545,610.84545,4240.630437,1445,271,49,6108.4545,0,289,11,3,21,2,0,13,43,0,23,10,44,0,3,0,0,0,0,0,forced_mixed,1.9420494
7,随机 seed=48,48,0.5,10,7,3,2,10,TRUE,6547.724827,654.7724827,4757.724827,1460,274,56,6379.464406,168.2604212,292,12,2,21,0,0,18,42,17,18,9,6,0,2,0,0,0,0,0,forced_mixed,1.5103931
8,随机 seed=49,49,0.5,10,5,5,0,10,TRUE,6265.628123,626.5628123,4478.628123,1465,272,50,6265.628123,0,293,10,0,21,0,0,9,51,22,22,10,2,0,0,0,0,0,0,0,forced_mixed,1.3323498
9,随机 seed=50,50,0.5,15,7,8,2,15,TRUE,6578.409401,438.5606267,5029.409401,1245,229,75,5981.794801,596.6145997,249,15,0,21,0,0,14,99,18,32,12,55,0,2,0,0,0,0,0,forced_mixed,2.4459084
10,随机 seed=51,51,0.5,12,8,4,3,12,TRUE,6652.798186,554.3998488,4969.364071,1325,246,61,6321.639154,331.1590315,265,13,2,21,1,0,20,50,44,36,11,45,0,3,0,0,0,0,0,forced_mixed,2.2436056
11,随机 seed=52,52,0.5,16,9,7,3,16,TRUE,4503.345597,281.4590998,3551.72127,695,129,96,2432.641345,2070.704252,139,22,7,10,1,3,15,44,5,28,5,38,4,3,8,0,0,0,0,forced_mixed,3.4879434
12,随机 seed=53,53,0.5,15,9,6,1,15,TRUE,5703.657452,380.2438301,4444.249239,990,181,79,5703.657452,0,198,17,3,21,1,0,10,49,9,27,15,52,0,1,0,0,0,0,0,forced_mixed,3.0448513
13,随机 seed=54,54,0.5,12,7,5,2,12,TRUE,6046.722432,503.893536,4608.722432,1165,213,60,6046.722432,0,233,12,0,21,0,0,10,29,20,22,12,41,0,2,0,0,0,0,0,forced_mixed,2.3029032
14,随机 seed=55,55,0.5,16,8,8,3,16,TRUE,5390.911665,336.9319791,4273.707169,805,144,87,3833.286257,1557.625409,161,19,4,14,1,7,17,52,20,28,10,36,5,4,0,0,0,0,0,forced_mixed,2.475716
15,随机 seed=56,56,0.5,12,4,8,0,12,TRUE,6202.634618,516.8862182,4464.08127,1375,256,58,6202.634618,0,275,12,1,21,1,0,13,70,9,18,12,41,0,0,0,0,0,0,0,forced_mixed,1.948011
16,随机 seed=57,57,0.5,10,6,4,0,10,TRUE,5714.761843,571.4761843,3911.761843,1475,275,53,5624.420104,90.34173879,295,11,1,21,0,0,5,59,7,20,9,20,0,0,0,0,0,0,0,forced_mixed,1.5392537
17,随机 seed=58,58,0.5,13,6,7,1,13,TRUE,5726.28832,440.4837169,4282.28832,1160,213,71,5726.28832,0,232,15,2,21,0,0,11,46,11,30,13,39,0,1,0,0,0,0,0,forced_mixed,2.8157455
18,随机 seed=59,59,0.5,15,6,9,1,15,TRUE,5983.808079,398.9205386,4838.990397,885,162,76,5983.808079,0,177,16,2,21,1,0,12,29,20,29,15,42,0,1,0,0,0,0,0,forced_mixed,2.9869182
19,随机 seed=60,60,0.5,11,4,7,0,11,TRUE,5802.870522,527.5336838,4142.436332,1330,247,53,5802.870522,0,266,11,1,21,1,0,8,47,2,18,11,34,0,0,0,0,0,0,0,forced_mixed,1.8521479
20,随机 seed=61,61,0.5,12,4,8,1,12,TRUE,6214.661807,517.888484,4723.661807,1210,221,60,5648.864937,565.7968705,242,12,0,21,0,1,9,40,1,20,11,71,0,1,0,0,0,0,0,forced_mixed,2.818439
21,随机 seed=62,62,0.5,13,7,6,0,13,TRUE,5755.361215,442.7200935,4407.361215,1080,197,71,5755.361215,0,216,15,2,21,0,0,5,35,4,23,13,64,0,0,0,0,0,0,0,forced_mixed,2.8683533
22,随机 seed=63,63,0.5,13,7,6,2,13,TRUE,6053.837535,465.6798104,4486.837535,1260,233,74,6053.837535,0,252,16,3,21,0,0,14,61,34,29,13,37,0,2,0,0,0,0,0,forced_mixed,2.1469857
23,随机 seed=64,64,0.5,13,3,10,0,13,TRUE,6249.469247,480.7284036,4801.469247,1165,215,68,5614.72839,634.7408568,233,14,1,21,0,0,5,53,19,18,12,55,0,0,0,0,0,0,0,forced_mixed,2.3760043
24,随机 seed=65,65,0.5,11,7,4,0,11,TRUE,6169.039233,560.8217485,4514.039233,1340,251,64,6169.039233,0,268,14,3,21,0,0,12,40,28,18,11,44,0,0,0,0,0,0,0,forced_mixed,2.1722582
25,随机 seed=66,66,0.5,16,6,10,1,16,TRUE,5428.76726,339.2979538,4094.819986,1035,189,81,4399.689054,1029.078206,207,17,2,17,1,4,8,97,22,24,10,40,6,1,0,0,0,0,0,forced_mixed,2.6248512
26,随机 seed=67,67,0.5,15,8,7,0,15,TRUE,5761.74563,384.1163754,4578.688585,935,167,73,5549.982149,211.7634812,187,15,1,21,1,0,12,40,19,32,14,43,0,0,0,0,0,0,0,forced_mixed,3.3491972
27,随机 seed=68,68,0.5,13,7,6,1,13,TRUE,5767.258297,443.6352536,4365.7265,1090,198,63,5767.258297,0,218,13,1,21,1,0,10,34,24,32,13,20,0,1,0,0,0,0,0,forced_mixed,2.6466177
28,随机 seed=69,69,0.5,10,5,5,1,10,TRUE,6313.438909,631.3438909,4538.438909,1445,271,59,5633.771752,679.667157,289,13,3,21,0,0,10,45,20,20,7,45,0,1,0,0,0,0,0,forced_mixed,1.6677696
29,随机 seed=70,70,0.5,14,9,5,3,14,TRUE,6091.633718,435.1166941,4755.177063,1050,195,71,6091.633718,0,210,15,2,21,1,0,16,38,15,31,14,33,0,3,0,0,0,0,0,forced_mixed,2.6437063
30,随机 seed=71,71,0.5,16,11,5,1,16,TRUE,5770.319994,360.6449996,4542.732187,925,170,81,4802.438413,967.8815804,185,17,2,17,1,2,18,70,14,31,11,57,2,1,0,0,0,0,0,forced_mixed,2.8469933
31,随机 seed=72,72,0.5,16,8,8,2,16,TRUE,6066.903941,379.1814963,4793.045771,885,159,81,4535.465614,1531.438326,177,17,2,17,1,4,23,54,19,29,11,49,2,2,0,0,0,0,0,forced_mixed,3.3790644
32,随机 seed=73,73,0.5,15,7,8,1,15,TRUE,6150.760261,410.0506841,4982.760261,925,165,78,5519.264616,631.4956448,185,16,1,21,0,1,13,35,20,22,14,47,0,1,1,0,0,0,0,forced_mixed,3.803385
33,随机 seed=74,74,0.5,11,6,5,1,11,TRUE,5611.335703,510.1214275,4050.335703,1265,235,61,5416.967854,194.3678489,253,13,2,21,0,0,8,31,14,18,10,17,0,1,0,0,0,0,0,forced_mixed,2.0032556
34,随机 seed=75,75,0.5,14,6,8,2,14,TRUE,6034.853542,431.0609673,4649.853542,1095,202,88,5344.709198,690.144344,219,20,6,21,0,0,6,52,25,32,13,33,0,2,1,0,0,0,0,forced_mixed,2.8842568
35,随机 seed=76,76,0.5,13,6,7,4,13,TRUE,6816.83603,524.3720023,4744.964829,1080,195,63,5674.535125,1142.300905,216,13,1,21,1,3,17,22,46,27,11,44,1,4,0,0,0,0,0,forced_mixed,2.991452
36,随机 seed=77,77,0.5,10,8,2,2,10,TRUE,6398.868451,639.8868451,4544.868451,1520,284,50,6024.290738,374.5777127,304,10,0,21,0,0,22,51,24,28,8,16,0,2,0,0,0,0,0,forced_mixed,1.4312705
37,随机 seed=78,78,0.5,15,7,8,2,15,TRUE,5913.051913,394.2034609,4634.376621,975,181,88,5325.248159,587.8037542,195,20,6,21,1,0,7,48,25,34,14,52,0,3,1,0,0,0,0,forced_mixed,3.2721823
38,随机 seed=79,79,0.5,10,4,6,0,10,TRUE,5701.550747,570.1550747,4107.550747,1300,241,53,5701.550747,0,260,11,1,21,0,0,3,26,0,16,10,65,0,0,0,0,0,0,0,forced_mixed,2.5276419
39,随机 seed=80,80,0.5,16,10,6,3,16,TRUE,5651.20324,353.2002025,4346.343036,1030,186,81,5302.959902,348.2433381,206,17,2,20,1,2,19,78,14,26,14,35,2,4,2,0,0,0,0,forced_mixed,3.1484085
40,随机 seed=81,81,0.5,10,5,5,2,10,TRUE,6310.626576,631.0626576,4572.626576,1425,263,50,5821.930904,488.6956719,285,10,0,21,0,2,15,40,25,21,7,18,2,2,3,0,0,0,0,forced_mixed,1.4480056
41,随机 seed=82,82,0.5,15,10,5,4,15,TRUE,6725.95354,448.3969027,5419.254994,1025,187,76,6078.381662,647.5718783,205,16,2,21,1,1,21,46,32,35,14,50,0,5,0,0,0,0,0,forced_mixed,2.4752861
42,随机 seed=83,83,0.5,15,9,6,1,15,TRUE,6958.47311,463.8982073,4963.582003,995,179,68,5658.928717,1299.544392,199,14,1,21,2,2,14,50,18,33,14,66,0,1,0,0,0,0,0,forced_mixed,4.2225438
43,随机 seed=84,84,0.5,14,7,7,1,14,TRUE,5928.385267,423.4560905,4555.385267,1090,201,82,5588.398494,339.9867729,218,18,4,21,0,0,10,47,10,31,13,16,0,1,0,0,0,0,0,forced_mixed,2.6019242
44,随机 seed=85,85,0.5,14,5,9,1,14,TRUE,5391.505112,385.107508,4155.505112,985,178,73,5391.505112,0,197,15,1,21,0,0,9,32,13,23,14,89,0,1,0,0,0,0,0,forced_mixed,3.6765597
45,随机 seed=86,86,0.5,16,6,10,0,16,TRUE,5530.18782,345.6367387,4345.18782,930,169,86,5403.772136,126.4156836,186,18,2,20,0,0,9,64,19,24,15,51,0,0,0,0,0,0,0,forced_mixed,2.8785966
46,随机 seed=87,87,0.5,14,9,5,3,14,TRUE,6145.155395,438.9396711,4759.155395,1110,203,73,5923.061313,222.0940827,222,15,1,21,0,0,12,54,18,28,13,12,0,3,0,0,0,0,0,forced_mixed,2.0662899
47,随机 seed=88,88,0.5,13,8,5,3,13,TRUE,6051.671228,465.5131714,4564.88423,1155,213,64,5862.493321,189.1779072,231,14,3,21,2,0,19,37,33,38,12,33,0,3,0,0,0,0,0,forced_mixed,2.1137938
48,随机 seed=89,89,0.5,16,10,6,1,16,TRUE,4648.331345,290.520709,3483.973566,690,122,78,3352.8754,1295.455945,138,16,1,13,1,3,12,41,15,31,10,51,3,1,0,0,0,0,0,forced_mixed,3.819399
49,随机 seed=90,90,0.5,14,10,4,2,14,TRUE,6308.882511,450.6344651,4849.882511,1170,213,76,5675.588256,633.2942549,234,16,2,21,0,0,12,65,32,35,12,39,0,2,0,0,0,0,0,forced_mixed,2.5114387
50,随机 seed=91,91,0.5,15,7,8,1,15,TRUE,6293.364427,419.5576285,5040.364427,995,180,78,5559.168004,734.1964234,199,16,1,21,0,0,14,49,29,24,14,33,0,1,0,0,0,0,0,forced_mixed,2.9155989
